analysis,delta_intervention_driver_locking_plv,delta_intervention_mean_R1,frequency_hz,replicate,scan_value
delay_scan,,-0.08089124086725594,7.83,0,0.0
delay_scan,,-0.1112754277057562,7.83,1,0.0
delay_scan,,-0.14136395290562648,7.83,2,0.0
delay_scan,,-0.1161075868997965,7.83,3,0.0
delay_scan,,-0.10440103542416913,7.83,4,0.0
delay_scan,,-0.11295258861046861,7.83,5,0.0
delay_scan,,-0.10983948318151765,7.83,6,0.0
delay_scan,,-0.14148783353017239,7.83,7,0.0
delay_scan,,-0.09025672174655044,7.83,8,0.0
delay_scan,,-0.0941095532809911,7.83,9,0.0
delay_scan,,-0.15675010793629726,7.83,10,0.0
delay_scan,,-0.08844560767102698,7.83,11,0.0
delay_scan,,-0.07581846054339533,7.83,12,0.0
delay_scan,,-0.113540416069544,7.83,13,0.0
delay_scan,,-0.11109832726412253,7.83,14,0.0
delay_scan,,-0.1829341288239335,7.83,15,0.0
delay_scan,,-0.09984739978745505,7.83,16,0.0
delay_scan,,-0.10573522236639034,7.83,17,0.0
delay_scan,,-0.09455057923635024,7.83,18,0.0
delay_scan,,-0.13347430210079367,7.83,19,0.0
delay_scan,,-0.12517035290409656,7.83,20,0.0
delay_scan,,-0.07116850835000652,7.83,21,0.0
delay_scan,,-0.11376198241506175,7.83,22,0.0
delay_scan,,-0.07183537986951709,7.83,23,0.0
delay_scan,,-0.13753876631379036,10.0,0,0.0
delay_scan,,-0.08435960090053951,10.0,1,0.0
delay_scan,,-0.11446859321253017,10.0,2,0.0
delay_scan,,-0.10018734333195894,10.0,3,0.0
delay_scan,,-0.10078599384536018,10.0,4,0.0
delay_scan,,-0.08906133812593432,10.0,5,0.0
delay_scan,,-0.17756422451723408,10.0,6,0.0
delay_scan,,-0.09908464750165996,10.0,7,0.0
delay_scan,,-0.09740818064973603,10.0,8,0.0
delay_scan,,-0.0998808995280511,10.0,9,0.0
delay_scan,,-0.1436209006614054,10.0,10,0.0
delay_scan,,-0.07753119848464242,10.0,11,0.0
delay_scan,,-0.10133528649632223,10.0,12,0.0
delay_scan,,-0.10206671990610575,10.0,13,0.0
delay_scan,,-0.13689187146105958,10.0,14,0.0
delay_scan,,-0.0851857843388654,10.0,15,0.0
delay_scan,,-0.07080491116731401,10.0,16,0.0
delay_scan,,-0.13029834335104923,10.0,17,0.0
delay_scan,,-0.10503433087563893,10.0,18,0.0
delay_scan,,-0.11539858917355922,10.0,19,0.0
delay_scan,,-0.08558099568084716,10.0,20,0.0
delay_scan,,-0.09880456519526126,10.0,21,0.0
delay_scan,,-0.14787578787052763,10.0,22,0.0
delay_scan,,-0.07511584169068809,10.0,23,0.0
delay_scan,,-0.09066636751857615,14.3,0,0.0
delay_scan,,-0.09355347696186125,14.3,1,0.0
delay_scan,,-0.09092271063497408,14.3,2,0.0
delay_scan,,-0.10561548426247638,14.3,3,0.0
delay_scan,,-0.12447240762533414,14.3,4,0.0
delay_scan,,-0.10866662377661823,14.3,5,0.0
delay_scan,,-0.10970053988907413,14.3,6,0.0
delay_scan,,-0.07239485516279996,14.3,7,0.0
delay_scan,,-0.09244721442762295,14.3,8,0.0
delay_scan,,-0.1129528043901522,14.3,9,0.0
delay_scan,,-0.1479751373574117,14.3,10,0.0
delay_scan,,-0.09678103444693885,14.3,11,0.0
delay_scan,,-0.10104377432696236,14.3,12,0.0
delay_scan,,-0.07371331128472444,14.3,13,0.0
delay_scan,,-0.11682996336563516,14.3,14,0.0
delay_scan,,-0.088473447835965,14.3,15,0.0
delay_scan,,-0.08465459780404662,14.3,16,0.0
delay_scan,,-0.081382624262128,14.3,17,0.0
delay_scan,,-0.12411628822225557,14.3,18,0.0
delay_scan,,-0.08673623532512503,14.3,19,0.0
delay_scan,,-0.08774115185902234,14.3,20,0.0
delay_scan,,-0.07939930092295595,14.3,21,0.0
delay_scan,,-0.10831987377306514,14.3,22,0.0
delay_scan,,-0.11607231482074808,14.3,23,0.0
delay_scan,,-0.08927580498441288,20.8,0,0.0
delay_scan,,-0.12687554295598485,20.8,1,0.0
delay_scan,,-0.16482751165165216,20.8,2,0.0
delay_scan,,-0.13550260374840656,20.8,3,0.0
delay_scan,,-0.14938479961847506,20.8,4,0.0
delay_scan,,-0.11668471696620121,20.8,5,0.0
delay_scan,,-0.11963606928692605,20.8,6,0.0
delay_scan,,-0.1017109669023673,20.8,7,0.0
delay_scan,,-0.11697473299179442,20.8,8,0.0
delay_scan,,-0.11097781820192115,20.8,9,0.0
delay_scan,,-0.0801012252579941,20.8,10,0.0
delay_scan,,-0.09271861627205205,20.8,11,0.0
delay_scan,,-0.12206505848744634,20.8,12,0.0
delay_scan,,-0.13341650090469864,20.8,13,0.0
delay_scan,,-0.10924642387679262,20.8,14,0.0
delay_scan,,-0.17745503236643792,20.8,15,0.0
delay_scan,,-0.09757159681758709,20.8,16,0.0
delay_scan,,-0.11609406599878284,20.8,17,0.0
delay_scan,,-0.14292335321017402,20.8,18,0.0
delay_scan,,-0.08043360545826804,20.8,19,0.0
delay_scan,,-0.10076254734979753,20.8,20,0.0
delay_scan,,-0.11377714938162756,20.8,21,0.0
delay_scan,,-0.11407691775045353,20.8,22,0.0
delay_scan,,-0.12222645445661856,20.8,23,0.0
delay_scan,,-0.12327722150067744,27.3,0,0.0
delay_scan,,-0.10481877176637078,27.3,1,0.0
delay_scan,,-0.09421235088528847,27.3,2,0.0
delay_scan,,-0.08942344220573233,27.3,3,0.0
delay_scan,,-0.07545290490931972,27.3,4,0.0
delay_scan,,-0.11842656862726214,27.3,5,0.0
delay_scan,,-0.10746034464941218,27.3,6,0.0
delay_scan,,-0.10281140708785583,27.3,7,0.0
delay_scan,,-0.13872474043510988,27.3,8,0.0
delay_scan,,-0.09121139800222552,27.3,9,0.0
delay_scan,,-0.1432510710096278,27.3,10,0.0
delay_scan,,-0.08361913506344795,27.3,11,0.0
delay_scan,,-0.12194013665447845,27.3,12,0.0
delay_scan,,-0.12298896605496115,27.3,13,0.0
delay_scan,,-0.0833288591645416,27.3,14,0.0
delay_scan,,-0.12165119254344482,27.3,15,0.0
delay_scan,,-0.15307246738243327,27.3,16,0.0
delay_scan,,-0.07719347335875246,27.3,17,0.0
delay_scan,,-0.08427633664745689,27.3,18,0.0
delay_scan,,-0.11171838352110146,27.3,19,0.0
delay_scan,,-0.08635712818654512,27.3,20,0.0
delay_scan,,-0.10196130333768316,27.3,21,0.0
delay_scan,,-0.06845595004767531,27.3,22,0.0
delay_scan,,-0.07791020997853064,27.3,23,0.0
delay_scan,,-0.10849481370906883,33.8,0,0.0
delay_scan,,-0.0940173927325769,33.8,1,0.0
delay_scan,,-0.09399533011776515,33.8,2,0.0
delay_scan,,-0.09498615744674982,33.8,3,0.0
delay_scan,,-0.0796192595717527,33.8,4,0.0
delay_scan,,-0.08890284596780036,33.8,5,0.0
delay_scan,,-0.07208236636675147,33.8,6,0.0
delay_scan,,-0.08917544460542252,33.8,7,0.0
delay_scan,,-0.14503097436976511,33.8,8,0.0
delay_scan,,-0.07209139737261627,33.8,9,0.0
delay_scan,,-0.07936568897471165,33.8,10,0.0
delay_scan,,-0.09476265995810171,33.8,11,0.0
delay_scan,,-0.09315070566800457,33.8,12,0.0
delay_scan,,-0.0761818967513,33.8,13,0.0
delay_scan,,-0.08547591406305022,33.8,14,0.0
delay_scan,,-0.13100877419254073,33.8,15,0.0
delay_scan,,-0.1439118439261195,33.8,16,0.0
delay_scan,,-0.07770668509282283,33.8,17,0.0
delay_scan,,-0.11867514087996242,33.8,18,0.0
delay_scan,,-0.08939129232944955,33.8,19,0.0
delay_scan,,-0.10988753007991456,33.8,20,0.0
delay_scan,,-0.12947144885998788,33.8,21,0.0
delay_scan,,-0.12140857290098009,33.8,22,0.0
delay_scan,,-0.12564022491478014,33.8,23,0.0
delay_scan,,-0.06599421163977104,7.83,0,0.0625
delay_scan,,-0.10266575245008319,7.83,1,0.0625
delay_scan,,-0.12921666494252917,7.83,2,0.0625
delay_scan,,-0.10116996313191665,7.83,3,0.0625
delay_scan,,-0.09812489665163385,7.83,4,0.0625
delay_scan,,-0.09572979453498759,7.83,5,0.0625
delay_scan,,-0.11283373731199818,7.83,6,0.0625
delay_scan,,-0.13621872235181412,7.83,7,0.0625
delay_scan,,-0.0720132612534167,7.83,8,0.0625
delay_scan,,-0.07897499816264567,7.83,9,0.0625
delay_scan,,-0.1453662357268168,7.83,10,0.0625
delay_scan,,-0.07746538087185728,7.83,11,0.0625
delay_scan,,-0.06522826059043213,7.83,12,0.0625
delay_scan,,-0.09212840113473603,7.83,13,0.0625
delay_scan,,-0.08649237431860775,7.83,14,0.0625
delay_scan,,-0.1625003883213365,7.83,15,0.0625
delay_scan,,-0.09503411207828025,7.83,16,0.0625
delay_scan,,-0.09027299390266505,7.83,17,0.0625
delay_scan,,-0.08303128231646195,7.83,18,0.0625
delay_scan,,-0.12514945461600077,7.83,19,0.0625
delay_scan,,-0.11169594188826928,7.83,20,0.0625
delay_scan,,-0.06570149972625998,7.83,21,0.0625
delay_scan,,-0.10381241353645287,7.83,22,0.0625
delay_scan,,-0.05462407918471081,7.83,23,0.0625
delay_scan,,-0.12893860882642888,10.0,0,0.0625
delay_scan,,-0.0758096631567107,10.0,1,0.0625
delay_scan,,-0.11531597856247613,10.0,2,0.0625
delay_scan,,-0.09633390387219722,10.0,3,0.0625
delay_scan,,-0.09618727089268655,10.0,4,0.0625
delay_scan,,-0.08563260222261267,10.0,5,0.0625
delay_scan,,-0.17198676228908233,10.0,6,0.0625
delay_scan,,-0.09346437751917067,10.0,7,0.0625
delay_scan,,-0.09288841965177216,10.0,8,0.0625
delay_scan,,-0.09059806457777726,10.0,9,0.0625
delay_scan,,-0.1370084715751381,10.0,10,0.0625
delay_scan,,-0.06745199906343775,10.0,11,0.0625
delay_scan,,-0.09342410738128838,10.0,12,0.0625
delay_scan,,-0.09607562065467254,10.0,13,0.0625
delay_scan,,-0.1356190119071844,10.0,14,0.0625
delay_scan,,-0.07604366116311495,10.0,15,0.0625
delay_scan,,-0.07017908647016546,10.0,16,0.0625
delay_scan,,-0.1271119043797094,10.0,17,0.0625
delay_scan,,-0.10259333894446424,10.0,18,0.0625
delay_scan,,-0.10725073770640156,10.0,19,0.0625
delay_scan,,-0.08171801149987087,10.0,20,0.0625
delay_scan,,-0.09154250204016662,10.0,21,0.0625
delay_scan,,-0.14364802280824965,10.0,22,0.0625
delay_scan,,-0.07149495015863025,10.0,23,0.0625
delay_scan,,-0.0855469084132626,14.3,0,0.0625
delay_scan,,-0.07750888498910598,14.3,1,0.0625
delay_scan,,-0.08483165948216739,14.3,2,0.0625
delay_scan,,-0.09112849964487311,14.3,3,0.0625
delay_scan,,-0.11815054053069435,14.3,4,0.0625
delay_scan,,-0.10972408572692227,14.3,5,0.0625
delay_scan,,-0.10443185607106195,14.3,6,0.0625
delay_scan,,-0.0643317314309474,14.3,7,0.0625
delay_scan,,-0.08547165390315928,14.3,8,0.0625
delay_scan,,-0.09947211917815989,14.3,9,0.0625
delay_scan,,-0.14125059437421714,14.3,10,0.0625
delay_scan,,-0.08390580950979197,14.3,11,0.0625
delay_scan,,-0.08391387666802694,14.3,12,0.0625
delay_scan,,-0.05957345950478714,14.3,13,0.0625
delay_scan,,-0.10802802058332592,14.3,14,0.0625
delay_scan,,-0.07725290517478164,14.3,15,0.0625
delay_scan,,-0.07488171320585241,14.3,16,0.0625
delay_scan,,-0.0713748760283488,14.3,17,0.0625
delay_scan,,-0.11167909090321242,14.3,18,0.0625
delay_scan,,-0.07655481742863085,14.3,19,0.0625
delay_scan,,-0.06944576594739003,14.3,20,0.0625
delay_scan,,-0.07288563264694864,14.3,21,0.0625
delay_scan,,-0.09546658927458171,14.3,22,0.0625
delay_scan,,-0.09731098559334356,14.3,23,0.0625
delay_scan,,-0.07294563137282893,20.8,0,0.0625
delay_scan,,-0.09337875434510623,20.8,1,0.0625
delay_scan,,-0.15216583297630176,20.8,2,0.0625
delay_scan,,-0.121591238237877,20.8,3,0.0625
delay_scan,,-0.14023498822155833,20.8,4,0.0625
delay_scan,,-0.09370436486283439,20.8,5,0.0625
delay_scan,,-0.09556751445796711,20.8,6,0.0625
delay_scan,,-0.06489205809511363,20.8,7,0.0625
delay_scan,,-0.09282293294453905,20.8,8,0.0625
delay_scan,,-0.09206103581644201,20.8,9,0.0625
delay_scan,,-0.05000863445365453,20.8,10,0.0625
delay_scan,,-0.0789449099050022,20.8,11,0.0625
delay_scan,,-0.08810359582633003,20.8,12,0.0625
delay_scan,,-0.10774940020304738,20.8,13,0.0625
delay_scan,,-0.089559503739532,20.8,14,0.0625
delay_scan,,-0.17032356443463373,20.8,15,0.0625
delay_scan,,-0.06568485495184383,20.8,16,0.0625
delay_scan,,-0.08723710938488206,20.8,17,0.0625
delay_scan,,-0.11448307274351564,20.8,18,0.0625
delay_scan,,-0.07369842971060801,20.8,19,0.0625
delay_scan,,-0.08333524657246297,20.8,20,0.0625
delay_scan,,-0.10672802787022775,20.8,21,0.0625
delay_scan,,-0.11740768652687121,20.8,22,0.0625
delay_scan,,-0.10228478675712202,20.8,23,0.0625
delay_scan,,-0.12327722150067744,27.3,0,0.0625
delay_scan,,-0.10481877176637078,27.3,1,0.0625
delay_scan,,-0.09421235088528847,27.3,2,0.0625
delay_scan,,-0.08942344220573233,27.3,3,0.0625
delay_scan,,-0.07545290490931972,27.3,4,0.0625
delay_scan,,-0.11842656862726214,27.3,5,0.0625
delay_scan,,-0.10746034464941218,27.3,6,0.0625
delay_scan,,-0.10281140708785583,27.3,7,0.0625
delay_scan,,-0.13872474043510988,27.3,8,0.0625
delay_scan,,-0.09121139800222552,27.3,9,0.0625
delay_scan,,-0.1432510710096278,27.3,10,0.0625
delay_scan,,-0.08361913506344795,27.3,11,0.0625
delay_scan,,-0.12194013665447845,27.3,12,0.0625
delay_scan,,-0.12298896605496115,27.3,13,0.0625
delay_scan,,-0.0833288591645416,27.3,14,0.0625
delay_scan,,-0.12165119254344482,27.3,15,0.0625
delay_scan,,-0.15307246738243327,27.3,16,0.0625
delay_scan,,-0.07719347335875246,27.3,17,0.0625
delay_scan,,-0.08427633664745689,27.3,18,0.0625
delay_scan,,-0.11171838352110146,27.3,19,0.0625
delay_scan,,-0.08635712818654512,27.3,20,0.0625
delay_scan,,-0.10196130333768316,27.3,21,0.0625
delay_scan,,-0.06845595004767531,27.3,22,0.0625
delay_scan,,-0.07791020997853064,27.3,23,0.0625
delay_scan,,-0.10849481370906883,33.8,0,0.0625
delay_scan,,-0.0940173927325769,33.8,1,0.0625
delay_scan,,-0.09399533011776515,33.8,2,0.0625
delay_scan,,-0.09498615744674982,33.8,3,0.0625
delay_scan,,-0.0796192595717527,33.8,4,0.0625
delay_scan,,-0.08890284596780036,33.8,5,0.0625
delay_scan,,-0.07208236636675147,33.8,6,0.0625
delay_scan,,-0.08917544460542252,33.8,7,0.0625
delay_scan,,-0.14503097436976511,33.8,8,0.0625
delay_scan,,-0.07209139737261627,33.8,9,0.0625
delay_scan,,-0.07936568897471165,33.8,10,0.0625
delay_scan,,-0.09476265995810171,33.8,11,0.0625
delay_scan,,-0.09315070566800457,33.8,12,0.0625
delay_scan,,-0.0761818967513,33.8,13,0.0625
delay_scan,,-0.08547591406305022,33.8,14,0.0625
delay_scan,,-0.13100877419254073,33.8,15,0.0625
delay_scan,,-0.1439118439261195,33.8,16,0.0625
delay_scan,,-0.07770668509282283,33.8,17,0.0625
delay_scan,,-0.11867514087996242,33.8,18,0.0625
delay_scan,,-0.08939129232944955,33.8,19,0.0625
delay_scan,,-0.10988753007991456,33.8,20,0.0625
delay_scan,,-0.12947144885998788,33.8,21,0.0625
delay_scan,,-0.12140857290098009,33.8,22,0.0625
delay_scan,,-0.12564022491478014,33.8,23,0.0625
delay_scan,,-0.04687296050253066,7.83,0,0.125
delay_scan,,-0.08492386406580957,7.83,1,0.125
delay_scan,,-0.10570066856428578,7.83,2,0.125
delay_scan,,-0.07464332318684658,7.83,3,0.125
delay_scan,,-0.07219835183829858,7.83,4,0.125
delay_scan,,-0.07722596981483014,7.83,5,0.125
delay_scan,,-0.10016956709484022,7.83,6,0.125
delay_scan,,-0.12327545704980865,7.83,7,0.125
delay_scan,,-0.05626299433075323,7.83,8,0.125
delay_scan,,-0.0599662311254153,7.83,9,0.125
delay_scan,,-0.12560065448147079,7.83,10,0.125
delay_scan,,-0.04629939779926058,7.83,11,0.125
delay_scan,,-0.05270020569907874,7.83,12,0.125
delay_scan,,-0.06245663792595174,7.83,13,0.125
delay_scan,,-0.067787597209405,7.83,14,0.125
delay_scan,,-0.13023540198195294,7.83,15,0.125
delay_scan,,-0.07880821375491832,7.83,16,0.125
delay_scan,,-0.07723228283006532,7.83,17,0.125
delay_scan,,-0.06261446570824579,7.83,18,0.125
delay_scan,,-0.11272758630835547,7.83,19,0.125
delay_scan,,-0.09144250523600823,7.83,20,0.125
delay_scan,,-0.04566823961305695,7.83,21,0.125
delay_scan,,-0.08372226006494604,7.83,22,0.125
delay_scan,,-0.036570835278261465,7.83,23,0.125
delay_scan,,-0.08204168878682151,10.0,0,0.125
delay_scan,,-0.06129789235333365,10.0,1,0.125
delay_scan,,-0.11036402513678498,10.0,2,0.125
delay_scan,,-0.08400416728833712,10.0,3,0.125
delay_scan,,-0.0839991037239145,10.0,4,0.125
delay_scan,,-0.06312538853692948,10.0,5,0.125
delay_scan,,-0.14701577715607403,10.0,6,0.125
delay_scan,,-0.08061174700930679,10.0,7,0.125
delay_scan,,-0.07543264555372282,10.0,8,0.125
delay_scan,,-0.06923915187690492,10.0,9,0.125
delay_scan,,-0.123491485927466,10.0,10,0.125
delay_scan,,-0.055417608303612614,10.0,11,0.125
delay_scan,,-0.07668016179817277,10.0,12,0.125
delay_scan,,-0.08016356323295773,10.0,13,0.125
delay_scan,,-0.12246560960261317,10.0,14,0.125
delay_scan,,-0.05528964393464625,10.0,15,0.125
delay_scan,,-0.06346142986598571,10.0,16,0.125
delay_scan,,-0.11381100233299275,10.0,17,0.125
delay_scan,,-0.09493284416999886,10.0,18,0.125
delay_scan,,-0.07991959750855347,10.0,19,0.125
delay_scan,,-0.07162768726941025,10.0,20,0.125
delay_scan,,-0.07787018987688844,10.0,21,0.125
delay_scan,,-0.13386873225494972,10.0,22,0.125
delay_scan,,-0.06033475628376769,10.0,23,0.125
delay_scan,,-0.05208190397127051,14.3,0,0.125
delay_scan,,-0.04889953339896708,14.3,1,0.125
delay_scan,,-0.05771277344842561,14.3,2,0.125
delay_scan,,-0.06010017998362002,14.3,3,0.125
delay_scan,,-0.07951088105983303,14.3,4,0.125
delay_scan,,-0.07932483706078487,14.3,5,0.125
delay_scan,,-0.07861390306517559,14.3,6,0.125
delay_scan,,-0.03696793767085624,14.3,7,0.125
delay_scan,,-0.0714209652311582,14.3,8,0.125
delay_scan,,-0.0731833960795926,14.3,9,0.125
delay_scan,,-0.10481182187757411,14.3,10,0.125
delay_scan,,-0.04240574536978954,14.3,11,0.125
delay_scan,,-0.05628703077055899,14.3,12,0.125
delay_scan,,-0.03799823640221364,14.3,13,0.125
delay_scan,,-0.07119937367380118,14.3,14,0.125
delay_scan,,-0.029938525341782693,14.3,15,0.125
delay_scan,,-0.052321493527610424,14.3,16,0.125
delay_scan,,-0.04028781777426084,14.3,17,0.125
delay_scan,,-0.07969850475407574,14.3,18,0.125
delay_scan,,-0.057270583006641465,14.3,19,0.125
delay_scan,,-0.03965813804610506,14.3,20,0.125
delay_scan,,-0.04240537694895724,14.3,21,0.125
delay_scan,,-0.05563633496118535,14.3,22,0.125
delay_scan,,-0.06322846142995835,14.3,23,0.125
delay_scan,,-0.07294563137282893,20.8,0,0.125
delay_scan,,-0.09337875434510623,20.8,1,0.125
delay_scan,,-0.15216583297630176,20.8,2,0.125
delay_scan,,-0.121591238237877,20.8,3,0.125
delay_scan,,-0.14023498822155833,20.8,4,0.125
delay_scan,,-0.09370436486283439,20.8,5,0.125
delay_scan,,-0.09556751445796711,20.8,6,0.125
delay_scan,,-0.06489205809511363,20.8,7,0.125
delay_scan,,-0.09282293294453905,20.8,8,0.125
delay_scan,,-0.09206103581644201,20.8,9,0.125
delay_scan,,-0.05000863445365453,20.8,10,0.125
delay_scan,,-0.0789449099050022,20.8,11,0.125
delay_scan,,-0.08810359582633003,20.8,12,0.125
delay_scan,,-0.10774940020304738,20.8,13,0.125
delay_scan,,-0.089559503739532,20.8,14,0.125
delay_scan,,-0.17032356443463373,20.8,15,0.125
delay_scan,,-0.06568485495184383,20.8,16,0.125
delay_scan,,-0.08723710938488206,20.8,17,0.125
delay_scan,,-0.11448307274351564,20.8,18,0.125
delay_scan,,-0.07369842971060801,20.8,19,0.125
delay_scan,,-0.08333524657246297,20.8,20,0.125
delay_scan,,-0.10672802787022775,20.8,21,0.125
delay_scan,,-0.11740768652687121,20.8,22,0.125
delay_scan,,-0.10228478675712202,20.8,23,0.125
delay_scan,,-0.09134172486227948,27.3,0,0.125
delay_scan,,-0.07387293112032334,27.3,1,0.125
delay_scan,,-0.07513085981236285,27.3,2,0.125
delay_scan,,-0.05975353567459324,27.3,3,0.125
delay_scan,,-0.042411050930699634,27.3,4,0.125
delay_scan,,-0.1045761860378224,27.3,5,0.125
delay_scan,,-0.06384382917377268,27.3,6,0.125
delay_scan,,-0.07299065169844698,27.3,7,0.125
delay_scan,,-0.11585170585199749,27.3,8,0.125
delay_scan,,-0.06588231672260814,27.3,9,0.125
delay_scan,,-0.10884334402899741,27.3,10,0.125
delay_scan,,-0.051380170548832094,27.3,11,0.125
delay_scan,,-0.08864922935904769,27.3,12,0.125
delay_scan,,-0.08154920140245309,27.3,13,0.125
delay_scan,,-0.049746942414870474,27.3,14,0.125
delay_scan,,-0.08557090966471768,27.3,15,0.125
delay_scan,,-0.11387719087718255,27.3,16,0.125
delay_scan,,-0.05113106505118925,27.3,17,0.125
delay_scan,,-0.06282915192891136,27.3,18,0.125
delay_scan,,-0.059628434694173324,27.3,19,0.125
delay_scan,,-0.06497651230694355,27.3,20,0.125
delay_scan,,-0.06983529557369997,27.3,21,0.125
delay_scan,,-0.052483966587577355,27.3,22,0.125
delay_scan,,-0.05139782430076602,27.3,23,0.125
delay_scan,,-0.03658792348176347,33.8,0,0.125
delay_scan,,-0.03683606720125111,33.8,1,0.125
delay_scan,,-0.04350158511205164,33.8,2,0.125
delay_scan,,-0.04596036511873283,33.8,3,0.125
delay_scan,,-0.04740278819535361,33.8,4,0.125
delay_scan,,-0.02193614692037997,33.8,5,0.125
delay_scan,,-0.012459505015278385,33.8,6,0.125
delay_scan,,-0.04273326682524638,33.8,7,0.125
delay_scan,,-0.07484781447652937,33.8,8,0.125
delay_scan,,-0.016399190323055174,33.8,9,0.125
delay_scan,,-0.04859599323023735,33.8,10,0.125
delay_scan,,-0.040006027528618676,33.8,11,0.125
delay_scan,,-0.027973107431113475,33.8,12,0.125
delay_scan,,-0.033850339275496424,33.8,13,0.125
delay_scan,,-0.03356180084686279,33.8,14,0.125
delay_scan,,-0.06303832220803106,33.8,15,0.125
delay_scan,,-0.08038227724313342,33.8,16,0.125
delay_scan,,-0.030499451915404194,33.8,17,0.125
delay_scan,,-0.05019108588369017,33.8,18,0.125
delay_scan,,-0.03706761200815041,33.8,19,0.125
delay_scan,,-0.07016186890767057,33.8,20,0.125
delay_scan,,-0.042566032208650545,33.8,21,0.125
delay_scan,,-0.06305461657258177,33.8,22,0.125
delay_scan,,-0.06890187028581396,33.8,23,0.125
delay_scan,,0.015747220921422334,7.83,0,0.25
delay_scan,,0.030530104298909594,7.83,1,0.25
delay_scan,,0.03220299148006059,7.83,2,0.25
delay_scan,,0.015707688400536268,7.83,3,0.25
delay_scan,,-0.01619468417780423,7.83,4,0.25
delay_scan,,0.00264870127805944,7.83,5,0.25
delay_scan,,-0.024789848019552058,7.83,6,0.25
delay_scan,,0.04479556440760438,7.83,7,0.25
delay_scan,,-0.014199856427993318,7.83,8,0.25
delay_scan,,0.0073952512521855696,7.83,9,0.25
delay_scan,,-0.06656983787178072,7.83,10,0.25
delay_scan,,0.057095267554210766,7.83,11,0.25
delay_scan,,-0.004064950053477623,7.83,12,0.25
delay_scan,,0.041465799375431156,7.83,13,0.25
delay_scan,,9.588919505937321e-05,7.83,14,0.25
delay_scan,,0.032062615917742204,7.83,15,0.25
delay_scan,,0.07643409151132044,7.83,16,0.25
delay_scan,,0.005017807865129287,7.83,17,0.25
delay_scan,,0.011622119897920252,7.83,18,0.25
delay_scan,,0.016819821827785852,7.83,19,0.25
delay_scan,,-0.008736031183888604,7.83,20,0.25
delay_scan,,0.021558410050542348,7.83,21,0.25
delay_scan,,0.04781351974593012,7.83,22,0.25
delay_scan,,0.0496597820421837,7.83,23,0.25
delay_scan,,0.0444299916456955,10.0,0,0.25
delay_scan,,0.008709169527953586,10.0,1,0.25
delay_scan,,0.05482595598731435,10.0,2,0.25
delay_scan,,0.03489265068734701,10.0,3,0.25
delay_scan,,0.05322143732081619,10.0,4,0.25
delay_scan,,0.04579048861475282,10.0,5,0.25
delay_scan,,0.021042338458928944,10.0,6,0.25
delay_scan,,0.010468365449897266,10.0,7,0.25
delay_scan,,0.008007203724537948,10.0,8,0.25
delay_scan,,0.032453268318278244,10.0,9,0.25
delay_scan,,0.0028137157279662095,10.0,10,0.25
delay_scan,,0.00897630819450454,10.0,11,0.25
delay_scan,,0.0029129581867163024,10.0,12,0.25
delay_scan,,0.015101665134009817,10.0,13,0.25
delay_scan,,-0.016061474813012427,10.0,14,0.25
delay_scan,,0.009267407117405924,10.0,15,0.25
delay_scan,,0.004699248103533588,10.0,16,0.25
delay_scan,,-0.0033424899468854075,10.0,17,0.25
delay_scan,,0.002728344296273777,10.0,18,0.25
delay_scan,,-0.03538465264496923,10.0,19,0.25
delay_scan,,0.04758579626323048,10.0,20,0.25
delay_scan,,0.014679483493864831,10.0,21,0.25
delay_scan,,-0.03111038367399227,10.0,22,0.25
delay_scan,,0.022473511488211223,10.0,23,0.25
delay_scan,,-0.011281945230329632,14.3,0,0.25
delay_scan,,0.002264523127686907,14.3,1,0.25
delay_scan,,-0.006892576161230263,14.3,2,0.25
delay_scan,,-0.0167249663957329,14.3,3,0.25
delay_scan,,-0.025905507235921416,14.3,4,0.25
delay_scan,,-0.009986259737454123,14.3,5,0.25
delay_scan,,0.0012262121747531884,14.3,6,0.25
delay_scan,,0.0017041720912484015,14.3,7,0.25
delay_scan,,-0.02530897749213369,14.3,8,0.25
delay_scan,,-0.04048282322099468,14.3,9,0.25
delay_scan,,-0.029915991465723657,14.3,10,0.25
delay_scan,,-0.0027579473723396697,14.3,11,0.25
delay_scan,,-0.02164055190943663,14.3,12,0.25
delay_scan,,0.0004990527682968426,14.3,13,0.25
delay_scan,,-0.03447562544879154,14.3,14,0.25
delay_scan,,0.006345130392709286,14.3,15,0.25
delay_scan,,-0.007251508283266539,14.3,16,0.25
delay_scan,,-0.019072431021446443,14.3,17,0.25
delay_scan,,-0.016747860643543472,14.3,18,0.25
delay_scan,,-0.03510788183627478,14.3,19,0.25
delay_scan,,-0.00327236385486529,14.3,20,0.25
delay_scan,,0.017494103380268605,14.3,21,0.25
delay_scan,,-0.005509949529627273,14.3,22,0.25
delay_scan,,-0.0006837754170337107,14.3,23,0.25
delay_scan,,-0.03788590482943176,20.8,0,0.25
delay_scan,,-0.023571098457341982,20.8,1,0.25
delay_scan,,-0.05488150396876332,20.8,2,0.25
delay_scan,,-0.0361674642314668,20.8,3,0.25
delay_scan,,-0.05906121566851355,20.8,4,0.25
delay_scan,,0.021771962831281355,20.8,5,0.25
delay_scan,,-0.029708635356833407,20.8,6,0.25
delay_scan,,0.0033601778927592474,20.8,7,0.25
delay_scan,,0.06368533069343496,20.8,8,0.25
delay_scan,,-0.01969526202785407,20.8,9,0.25
delay_scan,,0.008388481155433641,20.8,10,0.25
delay_scan,,-0.008705605431414132,20.8,11,0.25
delay_scan,,-0.02440996930343592,20.8,12,0.25
delay_scan,,-0.04358982655635796,20.8,13,0.25
delay_scan,,0.003453717730445921,20.8,14,0.25
delay_scan,,-0.08018309569989002,20.8,15,0.25
delay_scan,,0.03599020487655569,20.8,16,0.25
delay_scan,,-0.03219499243132143,20.8,17,0.25
delay_scan,,-0.04142914982906676,20.8,18,0.25
delay_scan,,-0.028033192080850255,20.8,19,0.25
delay_scan,,-0.0038376304009297424,20.8,20,0.25
delay_scan,,-0.031510875143744094,20.8,21,0.25
delay_scan,,-0.02570262060168707,20.8,22,0.25
delay_scan,,-0.00206433851927601,20.8,23,0.25
delay_scan,,0.06715804256551072,27.3,0,0.25
delay_scan,,0.009702110294081162,27.3,1,0.25
delay_scan,,0.029714585378370018,27.3,2,0.25
delay_scan,,0.06599168847233891,27.3,3,0.25
delay_scan,,0.01379815929385822,27.3,4,0.25
delay_scan,,0.10087927026568178,27.3,5,0.25
delay_scan,,0.05275137901545657,27.3,6,0.25
delay_scan,,0.010924553834734507,27.3,7,0.25
delay_scan,,-0.008823993665136032,27.3,8,0.25
delay_scan,,0.02883755846050423,27.3,9,0.25
delay_scan,,0.003997869052148217,27.3,10,0.25
delay_scan,,0.03243078291387108,27.3,11,0.25
delay_scan,,0.006421106827378398,27.3,12,0.25
delay_scan,,0.03596772480607405,27.3,13,0.25
delay_scan,,0.04329378968202327,27.3,14,0.25
delay_scan,,0.04153846455761018,27.3,15,0.25
delay_scan,,0.03282348612345426,27.3,16,0.25
delay_scan,,0.009356520593562873,27.3,17,0.25
delay_scan,,0.04620191771230203,27.3,18,0.25
delay_scan,,0.043702681410406424,27.3,19,0.25
delay_scan,,0.0346935160792505,27.3,20,0.25
delay_scan,,0.03129727363692447,27.3,21,0.25
delay_scan,,0.0117862951498061,27.3,22,0.25
delay_scan,,0.04188816920296404,27.3,23,0.25
delay_scan,,-0.03658792348176347,33.8,0,0.25
delay_scan,,-0.03683606720125111,33.8,1,0.25
delay_scan,,-0.04350158511205164,33.8,2,0.25
delay_scan,,-0.04596036511873283,33.8,3,0.25
delay_scan,,-0.04740278819535361,33.8,4,0.25
delay_scan,,-0.02193614692037997,33.8,5,0.25
delay_scan,,-0.012459505015278385,33.8,6,0.25
delay_scan,,-0.04273326682524638,33.8,7,0.25
delay_scan,,-0.07484781447652937,33.8,8,0.25
delay_scan,,-0.016399190323055174,33.8,9,0.25
delay_scan,,-0.04859599323023735,33.8,10,0.25
delay_scan,,-0.040006027528618676,33.8,11,0.25
delay_scan,,-0.027973107431113475,33.8,12,0.25
delay_scan,,-0.033850339275496424,33.8,13,0.25
delay_scan,,-0.03356180084686279,33.8,14,0.25
delay_scan,,-0.06303832220803106,33.8,15,0.25
delay_scan,,-0.08038227724313342,33.8,16,0.25
delay_scan,,-0.030499451915404194,33.8,17,0.25
delay_scan,,-0.05019108588369017,33.8,18,0.25
delay_scan,,-0.03706761200815041,33.8,19,0.25
delay_scan,,-0.07016186890767057,33.8,20,0.25
delay_scan,,-0.042566032208650545,33.8,21,0.25
delay_scan,,-0.06305461657258177,33.8,22,0.25
delay_scan,,-0.06890187028581396,33.8,23,0.25
delay_scan,,0.09626999708625913,7.83,0,0.375
delay_scan,,0.16955144693077837,7.83,1,0.375
delay_scan,,0.12352062572353745,7.83,2,0.375
delay_scan,,0.13156166734980024,7.83,3,0.375
delay_scan,,0.059439217876498,7.83,4,0.375
delay_scan,,0.06316197680406185,7.83,5,0.375
delay_scan,,0.06815465679313099,7.83,6,0.375
delay_scan,,0.17656847716736793,7.83,7,0.375
delay_scan,,0.15071915566865327,7.83,8,0.375
delay_scan,,0.060062604848884454,7.83,9,0.375
delay_scan,,0.13356173998944765,7.83,10,0.375
delay_scan,,0.2156984134934336,7.83,11,0.375
delay_scan,,0.07759523778033167,7.83,12,0.375
delay_scan,,0.24471382991743926,7.83,13,0.375
delay_scan,,0.089517606396155,7.83,14,0.375
delay_scan,,0.1665831950022361,7.83,15,0.375
delay_scan,,0.09138546252622395,7.83,16,0.375
delay_scan,,0.0504359026882128,7.83,17,0.375
delay_scan,,0.06177286372544369,7.83,18,0.375
delay_scan,,0.056885093003250786,7.83,19,0.375
delay_scan,,0.15266455982503607,7.83,20,0.375
delay_scan,,0.08061715254302798,7.83,21,0.375
delay_scan,,0.20961409207704235,7.83,22,0.375
delay_scan,,0.15684894662297139,7.83,23,0.375
delay_scan,,0.10260918896090418,10.0,0,0.375
delay_scan,,0.08945710524324055,10.0,1,0.375
delay_scan,,0.14912910033606394,10.0,2,0.375
delay_scan,,0.12232328970575229,10.0,3,0.375
delay_scan,,0.10186093262974039,10.0,4,0.375
delay_scan,,0.152577825310283,10.0,5,0.375
delay_scan,,0.17124539201438552,10.0,6,0.375
delay_scan,,0.056910655216509176,10.0,7,0.375
delay_scan,,0.05940122093366487,10.0,8,0.375
delay_scan,,0.12424079420934711,10.0,9,0.375
delay_scan,,0.2359730335875242,10.0,10,0.375
delay_scan,,0.07930628756577471,10.0,11,0.375
delay_scan,,0.09148938826795233,10.0,12,0.375
delay_scan,,0.10634704012278048,10.0,13,0.375
delay_scan,,0.13105222883919593,10.0,14,0.375
delay_scan,,0.10373764785063164,10.0,15,0.375
delay_scan,,0.06269119311059135,10.0,16,0.375
delay_scan,,0.15070668403831305,10.0,17,0.375
delay_scan,,0.04499387922161155,10.0,18,0.375
delay_scan,,0.056690679762069374,10.0,19,0.375
delay_scan,,0.11309068768001532,10.0,20,0.375
delay_scan,,0.10647853648196753,10.0,21,0.375
delay_scan,,0.09548893052630697,10.0,22,0.375
delay_scan,,0.11862602698334046,10.0,23,0.375
delay_scan,,0.12660781088867207,14.3,0,0.375
delay_scan,,0.06860953686240906,14.3,1,0.375
delay_scan,,0.09069517402727867,14.3,2,0.375
delay_scan,,0.07909459404036434,14.3,3,0.375
delay_scan,,0.04458535225085358,14.3,4,0.375
delay_scan,,0.06432454263116552,14.3,5,0.375
delay_scan,,0.05617872751529762,14.3,6,0.375
delay_scan,,0.0632146691461205,14.3,7,0.375
delay_scan,,0.1124892285560796,14.3,8,0.375
delay_scan,,0.058981347119485855,14.3,9,0.375
delay_scan,,0.15407767456197197,14.3,10,0.375
delay_scan,,0.10953506138461852,14.3,11,0.375
delay_scan,,0.08602316537863161,14.3,12,0.375
delay_scan,,0.1271596806886655,14.3,13,0.375
delay_scan,,0.0497942501538545,14.3,14,0.375
delay_scan,,0.0747697890115065,14.3,15,0.375
delay_scan,,0.0816385615243917,14.3,16,0.375
delay_scan,,0.05074352168280841,14.3,17,0.375
delay_scan,,0.11231274974100888,14.3,18,0.375
delay_scan,,0.06933404650838182,14.3,19,0.375
delay_scan,,0.0724470782476346,14.3,20,0.375
delay_scan,,0.07795355896897871,14.3,21,0.375
delay_scan,,0.15170602850509032,14.3,22,0.375
delay_scan,,0.19001388484718038,14.3,23,0.375
delay_scan,,0.11310854439867152,20.8,0,0.375
delay_scan,,0.11221631282104677,20.8,1,0.375
delay_scan,,0.16342375473099705,20.8,2,0.375
delay_scan,,0.14734924895039309,20.8,3,0.375
delay_scan,,0.0806230753578312,20.8,4,0.375
delay_scan,,0.10410140089714723,20.8,5,0.375
delay_scan,,0.07077412124438343,20.8,6,0.375
delay_scan,,0.11414960795019008,20.8,7,0.375
delay_scan,,0.16227028295648185,20.8,8,0.375
delay_scan,,0.14050769673982383,20.8,9,0.375
delay_scan,,0.0945441970370052,20.8,10,0.375
delay_scan,,0.0664042109163942,20.8,11,0.375
delay_scan,,0.23966299614700978,20.8,12,0.375
delay_scan,,0.09687750795720287,20.8,13,0.375
delay_scan,,0.17617402688388217,20.8,14,0.375
delay_scan,,0.16284763985142803,20.8,15,0.375
delay_scan,,0.10606470544848487,20.8,16,0.375
delay_scan,,0.09072492027192094,20.8,17,0.375
delay_scan,,0.11266010562440767,20.8,18,0.375
delay_scan,,0.12210688695886698,20.8,19,0.375
delay_scan,,0.08870048615908849,20.8,20,0.375
delay_scan,,0.2045570049637249,20.8,21,0.375
delay_scan,,0.11716861511921314,20.8,22,0.375
delay_scan,,0.13431037682211328,20.8,23,0.375
delay_scan,,0.20022207435115807,27.3,0,0.375
delay_scan,,0.11067575833342547,27.3,1,0.375
delay_scan,,0.12430716804132808,27.3,2,0.375
delay_scan,,0.19768743086158802,27.3,3,0.375
delay_scan,,0.04244732708374896,27.3,4,0.375
delay_scan,,0.24999661372673115,27.3,5,0.375
delay_scan,,0.10956595084632342,27.3,6,0.375
delay_scan,,0.07305044235144234,27.3,7,0.375
delay_scan,,0.1990275818658637,27.3,8,0.375
delay_scan,,0.06708671794337454,27.3,9,0.375
delay_scan,,0.1473166110805785,27.3,10,0.375
delay_scan,,0.08103191049713296,27.3,11,0.375
delay_scan,,0.07218939768073368,27.3,12,0.375
delay_scan,,0.15830057210924106,27.3,13,0.375
delay_scan,,0.14595774977835008,27.3,14,0.375
delay_scan,,0.08053982162035317,27.3,15,0.375
delay_scan,,0.14044068556308448,27.3,16,0.375
delay_scan,,0.06401374427344197,27.3,17,0.375
delay_scan,,0.06351998994645258,27.3,18,0.375
delay_scan,,0.10904819205388963,27.3,19,0.375
delay_scan,,0.07488992697165725,27.3,20,0.375
delay_scan,,0.11657449641479062,27.3,21,0.375
delay_scan,,0.04502292526466713,27.3,22,0.375
delay_scan,,0.07619077795005016,27.3,23,0.375
delay_scan,,0.12429357806067826,33.8,0,0.375
delay_scan,,0.04849277865294194,33.8,1,0.375
delay_scan,,0.09024508784032276,33.8,2,0.375
delay_scan,,0.06763224017834668,33.8,3,0.375
delay_scan,,0.08234858800726524,33.8,4,0.375
delay_scan,,0.053586199065427054,33.8,5,0.375
delay_scan,,0.05214485598926333,33.8,6,0.375
delay_scan,,0.03651722480548411,33.8,7,0.375
delay_scan,,0.07740592736373994,33.8,8,0.375
delay_scan,,0.05702866795085337,33.8,9,0.375
delay_scan,,0.06790277574390446,33.8,10,0.375
delay_scan,,0.031020335063485033,33.8,11,0.375
delay_scan,,0.0492373292685212,33.8,12,0.375
delay_scan,,0.08674693784639328,33.8,13,0.375
delay_scan,,0.07355990418989339,33.8,14,0.375
delay_scan,,0.03132558164549884,33.8,15,0.375
delay_scan,,0.022931020344219122,33.8,16,0.375
delay_scan,,0.08092645147119232,33.8,17,0.375
delay_scan,,0.06081443826297028,33.8,18,0.375
delay_scan,,0.09976875415293629,33.8,19,0.375
delay_scan,,0.06686976181770318,33.8,20,0.375
delay_scan,,0.05159602740564179,33.8,21,0.375
delay_scan,,0.09470426336098081,33.8,22,0.375
delay_scan,,0.05686243905954608,33.8,23,0.375
delay_scan,,0.08020042146725057,7.83,0,0.5
delay_scan,,0.19994248388551542,7.83,1,0.5
delay_scan,,0.17404181532533963,7.83,2,0.5
delay_scan,,0.14173452767499362,7.83,3,0.5
delay_scan,,0.08330158113935421,7.83,4,0.5
delay_scan,,0.1131029205616714,7.83,5,0.5
delay_scan,,0.10188330454030003,7.83,6,0.5
delay_scan,,0.14726022290295412,7.83,7,0.5
delay_scan,,0.1780467858962829,7.83,8,0.5
delay_scan,,0.07641569249820554,7.83,9,0.5
delay_scan,,0.13282316973057273,7.83,10,0.5
delay_scan,,0.1942634011908499,7.83,11,0.5
delay_scan,,0.13571100327923105,7.83,12,0.5
delay_scan,,0.27682207062561215,7.83,13,0.5
delay_scan,,0.05259290458189261,7.83,14,0.5
delay_scan,,0.20959207592924486,7.83,15,0.5
delay_scan,,0.16597023387271712,7.83,16,0.5
delay_scan,,0.0887205459642306,7.83,17,0.5
delay_scan,,0.12817931886737405,7.83,18,0.5
delay_scan,,0.09532868498096195,7.83,19,0.5
delay_scan,,0.22007971963311662,7.83,20,0.5
delay_scan,,0.07263088842177762,7.83,21,0.5
delay_scan,,0.21246997642560334,7.83,22,0.5
delay_scan,,0.12722292733446855,7.83,23,0.5
delay_scan,,0.19196779357652058,10.0,0,0.5
delay_scan,,0.1385583486790696,10.0,1,0.5
delay_scan,,0.166260788486825,10.0,2,0.5
delay_scan,,0.08998064811436657,10.0,3,0.5
delay_scan,,0.14813849578851054,10.0,4,0.5
delay_scan,,0.13238264529720015,10.0,5,0.5
delay_scan,,0.18235871872570011,10.0,6,0.5
delay_scan,,0.12081433988830387,10.0,7,0.5
delay_scan,,0.07602181534977148,10.0,8,0.5
delay_scan,,0.19142863331790602,10.0,9,0.5
delay_scan,,0.2606132087222395,10.0,10,0.5
delay_scan,,0.10060596876458958,10.0,11,0.5
delay_scan,,0.09037572966369994,10.0,12,0.5
delay_scan,,0.16983921643433994,10.0,13,0.5
delay_scan,,0.10065614713541021,10.0,14,0.5
delay_scan,,0.10857014282150887,10.0,15,0.5
delay_scan,,0.10420043198941753,10.0,16,0.5
delay_scan,,0.14897858369220945,10.0,17,0.5
delay_scan,,0.09591408781461386,10.0,18,0.5
delay_scan,,0.11482928537732709,10.0,19,0.5
delay_scan,,0.10730133361088975,10.0,20,0.5
delay_scan,,0.11183846504532269,10.0,21,0.5
delay_scan,,0.12953476576209855,10.0,22,0.5
delay_scan,,0.13377209166997087,10.0,23,0.5
delay_scan,,0.16419376598714935,14.3,0,0.5
delay_scan,,0.12829434574444115,14.3,1,0.5
delay_scan,,0.07948957980304086,14.3,2,0.5
delay_scan,,0.08073040562423825,14.3,3,0.5
delay_scan,,0.12309165248139167,14.3,4,0.5
delay_scan,,0.10787865768497523,14.3,5,0.5
delay_scan,,0.08529672329832277,14.3,6,0.5
delay_scan,,0.09237596101723455,14.3,7,0.5
delay_scan,,0.09251172926794846,14.3,8,0.5
delay_scan,,0.14208153909422053,14.3,9,0.5
delay_scan,,0.1986086801588544,14.3,10,0.5
delay_scan,,0.12847532250787289,14.3,11,0.5
delay_scan,,0.10082519284485955,14.3,12,0.5
delay_scan,,0.2183213199113196,14.3,13,0.5
delay_scan,,0.10439523675821025,14.3,14,0.5
delay_scan,,0.08580431605231026,14.3,15,0.5
delay_scan,,0.07455935744950346,14.3,16,0.5
delay_scan,,0.1489076189206237,14.3,17,0.5
delay_scan,,0.08637422169094386,14.3,18,0.5
delay_scan,,0.08308772455016633,14.3,19,0.5
delay_scan,,0.17154694113548555,14.3,20,0.5
delay_scan,,0.07571743251873145,14.3,21,0.5
delay_scan,,0.16900591433739934,14.3,22,0.5
delay_scan,,0.21500274827082475,14.3,23,0.5
delay_scan,,0.1267108475798019,20.8,0,0.5
delay_scan,,0.13280846402526814,20.8,1,0.5
delay_scan,,0.16335021623209464,20.8,2,0.5
delay_scan,,0.1275706834170649,20.8,3,0.5
delay_scan,,0.07491055581476846,20.8,4,0.5
delay_scan,,0.10675212568870066,20.8,5,0.5
delay_scan,,0.11604179736169168,20.8,6,0.5
delay_scan,,0.16119134550186626,20.8,7,0.5
delay_scan,,0.08891745502156492,20.8,8,0.5
delay_scan,,0.15718096317517993,20.8,9,0.5
delay_scan,,0.1582045787195658,20.8,10,0.5
delay_scan,,0.06842788055925358,20.8,11,0.5
delay_scan,,0.257817097597417,20.8,12,0.5
delay_scan,,0.11597893012825897,20.8,13,0.5
delay_scan,,0.1798826292572478,20.8,14,0.5
delay_scan,,0.16589371757519134,20.8,15,0.5
delay_scan,,0.09777569661271576,20.8,16,0.5
delay_scan,,0.11620644975518454,20.8,17,0.5
delay_scan,,0.07098274855751355,20.8,18,0.5
delay_scan,,0.11005986353652522,20.8,19,0.5
delay_scan,,0.07820774511101156,20.8,20,0.5
delay_scan,,0.19331805190020732,20.8,21,0.5
delay_scan,,0.12269589498009129,20.8,22,0.5
delay_scan,,0.23337866392159196,20.8,23,0.5
delay_scan,,0.22607689424407174,27.3,0,0.5
delay_scan,,0.10534069182433192,27.3,1,0.5
delay_scan,,0.12576549650571522,27.3,2,0.5
delay_scan,,0.1525887705323763,27.3,3,0.5
delay_scan,,0.0453201674344926,27.3,4,0.5
delay_scan,,0.20210970199819522,27.3,5,0.5
delay_scan,,0.11429948445031335,27.3,6,0.5
delay_scan,,0.08205106317736821,27.3,7,0.5
delay_scan,,0.21642812585282087,27.3,8,0.5
delay_scan,,0.06619679742443865,27.3,9,0.5
delay_scan,,0.1791761621969776,27.3,10,0.5
delay_scan,,0.07788937908567622,27.3,11,0.5
delay_scan,,0.1896358917783745,27.3,12,0.5
delay_scan,,0.23128673329554925,27.3,13,0.5
delay_scan,,0.10395862744745721,27.3,14,0.5
delay_scan,,0.06473617763640044,27.3,15,0.5
delay_scan,,0.16508311498407413,27.3,16,0.5
delay_scan,,0.0758150614989655,27.3,17,0.5
delay_scan,,0.07567051515375453,27.3,18,0.5
delay_scan,,0.1457415816463308,27.3,19,0.5
delay_scan,,0.14189796594050827,27.3,20,0.5
delay_scan,,0.1371933876215543,27.3,21,0.5
delay_scan,,0.0747731692643936,27.3,22,0.5
delay_scan,,0.1442013314222488,27.3,23,0.5
delay_scan,,0.1992609167122823,33.8,0,0.5
delay_scan,,0.10984209772792183,33.8,1,0.5
delay_scan,,0.10774853825519207,33.8,2,0.5
delay_scan,,0.11119279473967289,33.8,3,0.5
delay_scan,,0.06134925165751126,33.8,4,0.5
delay_scan,,0.07782508852534983,33.8,5,0.5
delay_scan,,0.05839664863895827,33.8,6,0.5
delay_scan,,0.11993318391937266,33.8,7,0.5
delay_scan,,0.19359087137720646,33.8,8,0.5
delay_scan,,0.054142442104491345,33.8,9,0.5
delay_scan,,0.10781188226318095,33.8,10,0.5
delay_scan,,0.059612871607943596,33.8,11,0.5
delay_scan,,0.09470063186743288,33.8,12,0.5
delay_scan,,0.12219331640282305,33.8,13,0.5
delay_scan,,0.1534950561031358,33.8,14,0.5
delay_scan,,0.1595465865684432,33.8,15,0.5
delay_scan,,0.11910084513859234,33.8,16,0.5
delay_scan,,0.17767576447067474,33.8,17,0.5
delay_scan,,0.08953187602693238,33.8,18,0.5
delay_scan,,0.19772735039922823,33.8,19,0.5
delay_scan,,0.14536973966059463,33.8,20,0.5
delay_scan,,0.11435708435939215,33.8,21,0.5
delay_scan,,0.15924899401645104,33.8,22,0.5
delay_scan,,0.15974705917892879,33.8,23,0.5
jitter_scan,-0.15464735259769347,,7.83,0,0.0
jitter_scan,-0.23757320541794846,,7.83,1,0.0
jitter_scan,-0.29635352306570084,,7.83,2,0.0
jitter_scan,-0.12265090276907023,,7.83,3,0.0
jitter_scan,-0.13349996012010762,,7.83,4,0.0
jitter_scan,-0.21371073317267802,,7.83,5,0.0
jitter_scan,-0.2376601403866751,,7.83,6,0.0
jitter_scan,-0.09723853888685113,,7.83,7,0.0
jitter_scan,-0.3035571278559304,,7.83,8,0.0
jitter_scan,-0.1913937740331891,,7.83,9,0.0
jitter_scan,-0.23332812041350048,,7.83,10,0.0
jitter_scan,-0.1767442506652239,,7.83,11,0.0
jitter_scan,-0.2130793278053532,,7.83,12,0.0
jitter_scan,-0.3459636778443339,,7.83,13,0.0
jitter_scan,-0.1474806173943177,,7.83,14,0.0
jitter_scan,-0.3563415908476565,,7.83,15,0.0
jitter_scan,-0.23928725421138858,,7.83,16,0.0
jitter_scan,-0.20073930435324305,,7.83,17,0.0
jitter_scan,-0.12766057327163421,,7.83,18,0.0
jitter_scan,-0.14375796784522252,,7.83,19,0.0
jitter_scan,-0.2533084291602694,,7.83,20,0.0
jitter_scan,-0.15202487460388234,,7.83,21,0.0
jitter_scan,-0.27423905721103686,,7.83,22,0.0
jitter_scan,-0.12922209526595374,,7.83,23,0.0
jitter_scan,-0.2746268724968861,,10.0,0,0.0
jitter_scan,-0.27881275022127444,,10.0,1,0.0
jitter_scan,-0.2899218375325346,,10.0,2,0.0
jitter_scan,-0.19467075348981702,,10.0,3,0.0
jitter_scan,-0.23709805480964954,,10.0,4,0.0
jitter_scan,-0.2685852256143122,,10.0,5,0.0
jitter_scan,-0.39180805095970855,,10.0,6,0.0
jitter_scan,-0.15613226739074632,,10.0,7,0.0
jitter_scan,-0.11200754360781497,,10.0,8,0.0
jitter_scan,-0.30803037088685487,,10.0,9,0.0
jitter_scan,-0.4056505410287659,,10.0,10,0.0
jitter_scan,-0.19914354943697538,,10.0,11,0.0
jitter_scan,-0.15159404673286428,,10.0,12,0.0
jitter_scan,-0.18868388748960674,,10.0,13,0.0
jitter_scan,-0.18780863730687475,,10.0,14,0.0
jitter_scan,-0.1956015065288889,,10.0,15,0.0
jitter_scan,-0.2393015859487244,,10.0,16,0.0
jitter_scan,-0.27206533316402015,,10.0,17,0.0
jitter_scan,-0.10658635826271845,,10.0,18,0.0
jitter_scan,-0.15369885955484944,,10.0,19,0.0
jitter_scan,-0.2573687369913422,,10.0,20,0.0
jitter_scan,-0.23319943743271254,,10.0,21,0.0
jitter_scan,-0.24877833441077046,,10.0,22,0.0
jitter_scan,-0.06762644336880781,,10.0,23,0.0
jitter_scan,-0.2198316164339036,,14.3,0,0.0
jitter_scan,-0.24562176401617414,,14.3,1,0.0
jitter_scan,-0.1559534923431632,,14.3,2,0.0
jitter_scan,-0.14669721994544258,,14.3,3,0.0
jitter_scan,-0.17455755374379095,,14.3,4,0.0
jitter_scan,-0.24673924240069717,,14.3,5,0.0
jitter_scan,-0.200573083902969,,14.3,6,0.0
jitter_scan,-0.17297808131089565,,14.3,7,0.0
jitter_scan,-0.11434928383762656,,14.3,8,0.0
jitter_scan,-0.10566436711615518,,14.3,9,0.0
jitter_scan,-0.15273993537852543,,14.3,10,0.0
jitter_scan,-0.23916912115835548,,14.3,11,0.0
jitter_scan,-0.2145345106814436,,14.3,12,0.0
jitter_scan,-0.24934307546270276,,14.3,13,0.0
jitter_scan,-0.12363511263302421,,14.3,14,0.0
jitter_scan,-0.18077231751922515,,14.3,15,0.0
jitter_scan,-0.043923427950761755,,14.3,16,0.0
jitter_scan,-0.14320341636453157,,14.3,17,0.0
jitter_scan,-0.1437021275647398,,14.3,18,0.0
jitter_scan,-0.12783457700362352,,14.3,19,0.0
jitter_scan,-0.2054091552238525,,14.3,20,0.0
jitter_scan,-0.1262723713573834,,14.3,21,0.0
jitter_scan,-0.14570474949694187,,14.3,22,0.0
jitter_scan,-0.2679266316039964,,14.3,23,0.0
jitter_scan,-0.19036497971702038,,20.8,0,0.0
jitter_scan,-0.2521918883057292,,20.8,1,0.0
jitter_scan,-0.3228145260609459,,20.8,2,0.0
jitter_scan,-0.2976659032069083,,20.8,3,0.0
jitter_scan,-0.0781986625403934,,20.8,4,0.0
jitter_scan,-0.1654300439591144,,20.8,5,0.0
jitter_scan,-0.13149659763323954,,20.8,6,0.0
jitter_scan,-0.2548953375889138,,20.8,7,0.0
jitter_scan,-0.1227328366187691,,20.8,8,0.0
jitter_scan,-0.2587834811990328,,20.8,9,0.0
jitter_scan,-0.1310802904574177,,20.8,10,0.0
jitter_scan,-0.09692596982072996,,20.8,11,0.0
jitter_scan,-0.3684505277675949,,20.8,12,0.0
jitter_scan,-0.19510139844815663,,20.8,13,0.0
jitter_scan,-0.18920885142062205,,20.8,14,0.0
jitter_scan,-0.3044726043444534,,20.8,15,0.0
jitter_scan,-0.2019534970072634,,20.8,16,0.0
jitter_scan,-0.18539249188865722,,20.8,17,0.0
jitter_scan,-0.1574434957813966,,20.8,18,0.0
jitter_scan,-0.18847930148603356,,20.8,19,0.0
jitter_scan,-0.1733322201634103,,20.8,20,0.0
jitter_scan,-0.3146487207389229,,20.8,21,0.0
jitter_scan,-0.28509468599635673,,20.8,22,0.0
jitter_scan,-0.20123987444477365,,20.8,23,0.0
jitter_scan,-0.2577563758204994,,27.3,0,0.0
jitter_scan,-0.17363504772317442,,27.3,1,0.0
jitter_scan,-0.20775633688010275,,27.3,2,0.0
jitter_scan,-0.11505525923151376,,27.3,3,0.0
jitter_scan,-0.12805376889488276,,27.3,4,0.0
jitter_scan,-0.4244712584532973,,27.3,5,0.0
jitter_scan,-0.07461627525171194,,27.3,6,0.0
jitter_scan,-0.179300573079317,,27.3,7,0.0
jitter_scan,-0.3361759039239952,,27.3,8,0.0
jitter_scan,-0.14027514689390308,,27.3,9,0.0
jitter_scan,-0.12940399122524823,,27.3,10,0.0
jitter_scan,-0.2090329495594461,,27.3,11,0.0
jitter_scan,-0.16154299701729008,,27.3,12,0.0
jitter_scan,-0.37303903656964826,,27.3,13,0.0
jitter_scan,-0.13065968013842663,,27.3,14,0.0
jitter_scan,-0.08853008785549882,,27.3,15,0.0
jitter_scan,-0.2569001163916912,,27.3,16,0.0
jitter_scan,-0.10272908054421889,,27.3,17,0.0
jitter_scan,-0.06696121060989872,,27.3,18,0.0
jitter_scan,-0.20806034435318702,,27.3,19,0.0
jitter_scan,-0.16343151150549334,,27.3,20,0.0
jitter_scan,-0.19107780253201712,,27.3,21,0.0
jitter_scan,-0.09241537154114342,,27.3,22,0.0
jitter_scan,-0.09951168788700829,,27.3,23,0.0
jitter_scan,-0.25534292602486997,,33.8,0,0.0
jitter_scan,-0.179355855113269,,33.8,1,0.0
jitter_scan,-0.11523505069973791,,33.8,2,0.0
jitter_scan,-0.09171629312258808,,33.8,3,0.0
jitter_scan,-0.078482646158443,,33.8,4,0.0
jitter_scan,-0.11815324953829989,,33.8,5,0.0
jitter_scan,-0.1320474355597293,,33.8,6,0.0
jitter_scan,-0.12545473125919784,,33.8,7,0.0
jitter_scan,-0.32830530890190496,,33.8,8,0.0
jitter_scan,-0.10612585996634957,,33.8,9,0.0
jitter_scan,-0.18382456342725867,,33.8,10,0.0
jitter_scan,-0.10157257541218673,,33.8,11,0.0
jitter_scan,-0.1912906500145542,,33.8,12,0.0
jitter_scan,-0.20504953641768248,,33.8,13,0.0
jitter_scan,-0.23186843138883445,,33.8,14,0.0
jitter_scan,-0.2786575118071151,,33.8,15,0.0
jitter_scan,-0.2657745045436983,,33.8,16,0.0
jitter_scan,-0.25345973711039765,,33.8,17,0.0
jitter_scan,-0.17561472685214274,,33.8,18,0.0
jitter_scan,-0.24591441863402602,,33.8,19,0.0
jitter_scan,-0.15800503083713113,,33.8,20,0.0
jitter_scan,-0.17294743255334508,,33.8,21,0.0
jitter_scan,-0.26702445962414517,,33.8,22,0.0
jitter_scan,-0.32221064194542776,,33.8,23,0.0
jitter_scan,-0.1556832129370166,,7.83,0,0.05
jitter_scan,-0.23196213685759548,,7.83,1,0.05
jitter_scan,-0.28459378829500703,,7.83,2,0.05
jitter_scan,-0.11983891808761199,,7.83,3,0.05
jitter_scan,-0.13293992844397423,,7.83,4,0.05
jitter_scan,-0.21663767865875966,,7.83,5,0.05
jitter_scan,-0.23537443660315518,,7.83,6,0.05
jitter_scan,-0.10040557579071624,,7.83,7,0.05
jitter_scan,-0.3035757978754676,,7.83,8,0.05
jitter_scan,-0.1903957185159418,,7.83,9,0.05
jitter_scan,-0.23175581275274687,,7.83,10,0.05
jitter_scan,-0.17257333492680008,,7.83,11,0.05
jitter_scan,-0.20925967522511138,,7.83,12,0.05
jitter_scan,-0.3220784413309983,,7.83,13,0.05
jitter_scan,-0.14447225683419762,,7.83,14,0.05
jitter_scan,-0.3563210307919999,,7.83,15,0.05
jitter_scan,-0.23855221408151187,,7.83,16,0.05
jitter_scan,-0.20030006200210598,,7.83,17,0.05
jitter_scan,-0.12415134967804628,,7.83,18,0.05
jitter_scan,-0.144623379813399,,7.83,19,0.05
jitter_scan,-0.24580571186280334,,7.83,20,0.05
jitter_scan,-0.14838001610950025,,7.83,21,0.05
jitter_scan,-0.24339629810619132,,7.83,22,0.05
jitter_scan,-0.13263291643196293,,7.83,23,0.05
jitter_scan,-0.2661154850540463,,10.0,0,0.05
jitter_scan,-0.27105881974130785,,10.0,1,0.05
jitter_scan,-0.2713353344451555,,10.0,2,0.05
jitter_scan,-0.19202949128423538,,10.0,3,0.05
jitter_scan,-0.23347506498192575,,10.0,4,0.05
jitter_scan,-0.2591677191570073,,10.0,5,0.05
jitter_scan,-0.381608816353396,,10.0,6,0.05
jitter_scan,-0.1562834711017145,,10.0,7,0.05
jitter_scan,-0.11006557983560741,,10.0,8,0.05
jitter_scan,-0.291996841638525,,10.0,9,0.05
jitter_scan,-0.4055623019812288,,10.0,10,0.05
jitter_scan,-0.19891132449053958,,10.0,11,0.05
jitter_scan,-0.15114587801054818,,10.0,12,0.05
jitter_scan,-0.17872382952652102,,10.0,13,0.05
jitter_scan,-0.1895396616255739,,10.0,14,0.05
jitter_scan,-0.1906360472460086,,10.0,15,0.05
jitter_scan,-0.23489170530767384,,10.0,16,0.05
jitter_scan,-0.27317843056989455,,10.0,17,0.05
jitter_scan,-0.10454239406015488,,10.0,18,0.05
jitter_scan,-0.15815810103086975,,10.0,19,0.05
jitter_scan,-0.25935037029353836,,10.0,20,0.05
jitter_scan,-0.23193823202895641,,10.0,21,0.05
jitter_scan,-0.251558294854178,,10.0,22,0.05
jitter_scan,-0.06801667211345559,,10.0,23,0.05
jitter_scan,-0.2146306620329603,,14.3,0,0.05
jitter_scan,-0.24856999920955863,,14.3,1,0.05
jitter_scan,-0.157072764069203,,14.3,2,0.05
jitter_scan,-0.148167970861843,,14.3,3,0.05
jitter_scan,-0.1720226672077741,,14.3,4,0.05
jitter_scan,-0.2500781101221602,,14.3,5,0.05
jitter_scan,-0.19722984399543642,,14.3,6,0.05
jitter_scan,-0.17307346367224816,,14.3,7,0.05
jitter_scan,-0.11257562864071494,,14.3,8,0.05
jitter_scan,-0.10299788137613577,,14.3,9,0.05
jitter_scan,-0.15696587731556969,,14.3,10,0.05
jitter_scan,-0.23029992341588063,,14.3,11,0.05
jitter_scan,-0.2155074049860069,,14.3,12,0.05
jitter_scan,-0.2457158298238133,,14.3,13,0.05
jitter_scan,-0.11906581846490655,,14.3,14,0.05
jitter_scan,-0.1842474744796963,,14.3,15,0.05
jitter_scan,-0.048198914347681726,,14.3,16,0.05
jitter_scan,-0.14383192798500596,,14.3,17,0.05
jitter_scan,-0.1430311899499117,,14.3,18,0.05
jitter_scan,-0.12947268552976848,,14.3,19,0.05
jitter_scan,-0.20726405970332284,,14.3,20,0.05
jitter_scan,-0.12953254585834711,,14.3,21,0.05
jitter_scan,-0.13641430389868425,,14.3,22,0.05
jitter_scan,-0.25884733599310594,,14.3,23,0.05
jitter_scan,-0.18621819331604283,,20.8,0,0.05
jitter_scan,-0.2391953979163552,,20.8,1,0.05
jitter_scan,-0.3239156215423576,,20.8,2,0.05
jitter_scan,-0.2887891061181326,,20.8,3,0.05
jitter_scan,-0.07917693498946754,,20.8,4,0.05
jitter_scan,-0.16530534807807795,,20.8,5,0.05
jitter_scan,-0.1314125993693129,,20.8,6,0.05
jitter_scan,-0.255258701424247,,20.8,7,0.05
jitter_scan,-0.1246370579228943,,20.8,8,0.05
jitter_scan,-0.25156831900512644,,20.8,9,0.05
jitter_scan,-0.13081588463784757,,20.8,10,0.05
jitter_scan,-0.09471575934225814,,20.8,11,0.05
jitter_scan,-0.3642993553916758,,20.8,12,0.05
jitter_scan,-0.19052049427123546,,20.8,13,0.05
jitter_scan,-0.19206557769333388,,20.8,14,0.05
jitter_scan,-0.2957746099254205,,20.8,15,0.05
jitter_scan,-0.19924084150454002,,20.8,16,0.05
jitter_scan,-0.18290010804438545,,20.8,17,0.05
jitter_scan,-0.16267779275460512,,20.8,18,0.05
jitter_scan,-0.18420522999967837,,20.8,19,0.05
jitter_scan,-0.17374813098806163,,20.8,20,0.05
jitter_scan,-0.31826008451779664,,20.8,21,0.05
jitter_scan,-0.2845990148832914,,20.8,22,0.05
jitter_scan,-0.18962314517772766,,20.8,23,0.05
jitter_scan,-0.26459900826958177,,27.3,0,0.05
jitter_scan,-0.16660327264652536,,27.3,1,0.05
jitter_scan,-0.20570150692497347,,27.3,2,0.05
jitter_scan,-0.11721154066584885,,27.3,3,0.05
jitter_scan,-0.1269099042412344,,27.3,4,0.05
jitter_scan,-0.4210201780287944,,27.3,5,0.05
jitter_scan,-0.07460786524637855,,27.3,6,0.05
jitter_scan,-0.17045494046317755,,27.3,7,0.05
jitter_scan,-0.32602098644297806,,27.3,8,0.05
jitter_scan,-0.14661823070886487,,27.3,9,0.05
jitter_scan,-0.1196727631083884,,27.3,10,0.05
jitter_scan,-0.20579225551123015,,27.3,11,0.05
jitter_scan,-0.1568597596312405,,27.3,12,0.05
jitter_scan,-0.3731829827351521,,27.3,13,0.05
jitter_scan,-0.1336844632873583,,27.3,14,0.05
jitter_scan,-0.08280427994501285,,27.3,15,0.05
jitter_scan,-0.25411963845404784,,27.3,16,0.05
jitter_scan,-0.09988869852638628,,27.3,17,0.05
jitter_scan,-0.06563967543584691,,27.3,18,0.05
jitter_scan,-0.202365813607831,,27.3,19,0.05
jitter_scan,-0.15959497459787894,,27.3,20,0.05
jitter_scan,-0.19235419704271486,,27.3,21,0.05
jitter_scan,-0.09192562726048054,,27.3,22,0.05
jitter_scan,-0.09570595729066322,,27.3,23,0.05
jitter_scan,-0.2531287418200255,,33.8,0,0.05
jitter_scan,-0.18219533397895973,,33.8,1,0.05
jitter_scan,-0.11485223313724739,,33.8,2,0.05
jitter_scan,-0.09092545009275538,,33.8,3,0.05
jitter_scan,-0.07698886229395235,,33.8,4,0.05
jitter_scan,-0.11470739120336981,,33.8,5,0.05
jitter_scan,-0.13064150028662969,,33.8,6,0.05
jitter_scan,-0.1263369705475828,,33.8,7,0.05
jitter_scan,-0.3306101148259684,,33.8,8,0.05
jitter_scan,-0.10702624158662272,,33.8,9,0.05
jitter_scan,-0.1852453130403624,,33.8,10,0.05
jitter_scan,-0.09806838052240445,,33.8,11,0.05
jitter_scan,-0.1892256045114957,,33.8,12,0.05
jitter_scan,-0.2119456236652358,,33.8,13,0.05
jitter_scan,-0.23292782816222377,,33.8,14,0.05
jitter_scan,-0.2811358020154896,,33.8,15,0.05
jitter_scan,-0.26415301628260063,,33.8,16,0.05
jitter_scan,-0.2574392841522139,,33.8,17,0.05
jitter_scan,-0.1605723653407691,,33.8,18,0.05
jitter_scan,-0.24775181949567904,,33.8,19,0.05
jitter_scan,-0.15431256238539234,,33.8,20,0.05
jitter_scan,-0.16742794279932333,,33.8,21,0.05
jitter_scan,-0.2533152625065525,,33.8,22,0.05
jitter_scan,-0.3299382273107322,,33.8,23,0.05
jitter_scan,-0.15962967591876007,,7.83,0,0.1
jitter_scan,-0.21535213212272336,,7.83,1,0.1
jitter_scan,-0.26085123628359,,7.83,2,0.1
jitter_scan,-0.1142055580920576,,7.83,3,0.1
jitter_scan,-0.13237817927254278,,7.83,4,0.1
jitter_scan,-0.22023033733448663,,7.83,5,0.1
jitter_scan,-0.2332023555758447,,7.83,6,0.1
jitter_scan,-0.0997001885051984,,7.83,7,0.1
jitter_scan,-0.29017054593478286,,7.83,8,0.1
jitter_scan,-0.18570264630132877,,7.83,9,0.1
jitter_scan,-0.2209485698238804,,7.83,10,0.1
jitter_scan,-0.16296092339829768,,7.83,11,0.1
jitter_scan,-0.19632790257871185,,7.83,12,0.1
jitter_scan,-0.2807185448006727,,7.83,13,0.1
jitter_scan,-0.13131267970956148,,7.83,14,0.1
jitter_scan,-0.3461751016252827,,7.83,15,0.1
jitter_scan,-0.242877075089379,,7.83,16,0.1
jitter_scan,-0.18583117321813677,,7.83,17,0.1
jitter_scan,-0.1143613281757496,,7.83,18,0.1
jitter_scan,-0.14518194787414362,,7.83,19,0.1
jitter_scan,-0.2211530516110592,,7.83,20,0.1
jitter_scan,-0.13917014584827198,,7.83,21,0.1
jitter_scan,-0.2140169019999988,,7.83,22,0.1
jitter_scan,-0.14052400691636804,,7.83,23,0.1
jitter_scan,-0.24372391110753897,,10.0,0,0.1
jitter_scan,-0.260581638627395,,10.0,1,0.1
jitter_scan,-0.22745231572607244,,10.0,2,0.1
jitter_scan,-0.18554933165061246,,10.0,3,0.1
jitter_scan,-0.21398417114135648,,10.0,4,0.1
jitter_scan,-0.24569530921553667,,10.0,5,0.1
jitter_scan,-0.34507698911160173,,10.0,6,0.1
jitter_scan,-0.1522316416713868,,10.0,7,0.1
jitter_scan,-0.10454549742286269,,10.0,8,0.1
jitter_scan,-0.276724554693092,,10.0,9,0.1
jitter_scan,-0.3793986770785881,,10.0,10,0.1
jitter_scan,-0.19901825795070596,,10.0,11,0.1
jitter_scan,-0.1512017491796641,,10.0,12,0.1
jitter_scan,-0.15967125775994906,,10.0,13,0.1
jitter_scan,-0.19621588574788068,,10.0,14,0.1
jitter_scan,-0.16278912395338627,,10.0,15,0.1
jitter_scan,-0.22386406898414551,,10.0,16,0.1
jitter_scan,-0.27445940844645306,,10.0,17,0.1
jitter_scan,-0.09827761532389692,,10.0,18,0.1
jitter_scan,-0.1704271467309367,,10.0,19,0.1
jitter_scan,-0.25143981363173334,,10.0,20,0.1
jitter_scan,-0.20854774169577556,,10.0,21,0.1
jitter_scan,-0.23471711552760055,,10.0,22,0.1
jitter_scan,-0.07190989834400102,,10.0,23,0.1
jitter_scan,-0.20085834002445369,,14.3,0,0.1
jitter_scan,-0.256864172898634,,14.3,1,0.1
jitter_scan,-0.1553908307530475,,14.3,2,0.1
jitter_scan,-0.14920819689150838,,14.3,3,0.1
jitter_scan,-0.17205137234305906,,14.3,4,0.1
jitter_scan,-0.25177024442030166,,14.3,5,0.1
jitter_scan,-0.1894968007980975,,14.3,6,0.1
jitter_scan,-0.1775259048066249,,14.3,7,0.1
jitter_scan,-0.10415734537354789,,14.3,8,0.1
jitter_scan,-0.09711426297297916,,14.3,9,0.1
jitter_scan,-0.15710858269871536,,14.3,10,0.1
jitter_scan,-0.21026001702880953,,14.3,11,0.1
jitter_scan,-0.2089706381197995,,14.3,12,0.1
jitter_scan,-0.23503299500517008,,14.3,13,0.1
jitter_scan,-0.10990885182880092,,14.3,14,0.1
jitter_scan,-0.18371384330638119,,14.3,15,0.1
jitter_scan,-0.05999854011680407,,14.3,16,0.1
jitter_scan,-0.1313418309687884,,14.3,17,0.1
jitter_scan,-0.14450844745291538,,14.3,18,0.1
jitter_scan,-0.13392725209385725,,14.3,19,0.1
jitter_scan,-0.21933465160558235,,14.3,20,0.1
jitter_scan,-0.12764299877206972,,14.3,21,0.1
jitter_scan,-0.10715893275871471,,14.3,22,0.1
jitter_scan,-0.2183764365224532,,14.3,23,0.1
jitter_scan,-0.17142174376485303,,20.8,0,0.1
jitter_scan,-0.22140608494296876,,20.8,1,0.1
jitter_scan,-0.3138182252481139,,20.8,2,0.1
jitter_scan,-0.2537582362626951,,20.8,3,0.1
jitter_scan,-0.08689525857530961,,20.8,4,0.1
jitter_scan,-0.1640528000087475,,20.8,5,0.1
jitter_scan,-0.12855551317214195,,20.8,6,0.1
jitter_scan,-0.2576846157598386,,20.8,7,0.1
jitter_scan,-0.12399015332994945,,20.8,8,0.1
jitter_scan,-0.22741849911579093,,20.8,9,0.1
jitter_scan,-0.1258813315878238,,20.8,10,0.1
jitter_scan,-0.0913136429365347,,20.8,11,0.1
jitter_scan,-0.2686526892098458,,20.8,12,0.1
jitter_scan,-0.16797424226039387,,20.8,13,0.1
jitter_scan,-0.20221326323535443,,20.8,14,0.1
jitter_scan,-0.2806106723604037,,20.8,15,0.1
jitter_scan,-0.17357645318172793,,20.8,16,0.1
jitter_scan,-0.18316715214754176,,20.8,17,0.1
jitter_scan,-0.15886426533962744,,20.8,18,0.1
jitter_scan,-0.18346575087666034,,20.8,19,0.1
jitter_scan,-0.17209349031261917,,20.8,20,0.1
jitter_scan,-0.30643575398601486,,20.8,21,0.1
jitter_scan,-0.2625819379658405,,20.8,22,0.1
jitter_scan,-0.17136507457510974,,20.8,23,0.1
jitter_scan,-0.2546374504398861,,27.3,0,0.1
jitter_scan,-0.15343925063153963,,27.3,1,0.1
jitter_scan,-0.19646830602253956,,27.3,2,0.1
jitter_scan,-0.11984084771624214,,27.3,3,0.1
jitter_scan,-0.11798675141767213,,27.3,4,0.1
jitter_scan,-0.41168408648814814,,27.3,5,0.1
jitter_scan,-0.07589187153429512,,27.3,6,0.1
jitter_scan,-0.1433035933453011,,27.3,7,0.1
jitter_scan,-0.30376428306946407,,27.3,8,0.1
jitter_scan,-0.1444607715215559,,27.3,9,0.1
jitter_scan,-0.10299269060255492,,27.3,10,0.1
jitter_scan,-0.19215851800893072,,27.3,11,0.1
jitter_scan,-0.1457634918023843,,27.3,12,0.1
jitter_scan,-0.37031414163027593,,27.3,13,0.1
jitter_scan,-0.11909559458074227,,27.3,14,0.1
jitter_scan,-0.07151648956094157,,27.3,15,0.1
jitter_scan,-0.23329356483663538,,27.3,16,0.1
jitter_scan,-0.09181600155439754,,27.3,17,0.1
jitter_scan,-0.06359292493037622,,27.3,18,0.1
jitter_scan,-0.19186241502864593,,27.3,19,0.1
jitter_scan,-0.15165288521206008,,27.3,20,0.1
jitter_scan,-0.188158316134724,,27.3,21,0.1
jitter_scan,-0.09170138769513726,,27.3,22,0.1
jitter_scan,-0.08275918719885823,,27.3,23,0.1
jitter_scan,-0.25190510040292624,,33.8,0,0.1
jitter_scan,-0.19061561872692495,,33.8,1,0.1
jitter_scan,-0.11006808179016017,,33.8,2,0.1
jitter_scan,-0.08502431006906755,,33.8,3,0.1
jitter_scan,-0.0718832161658756,,33.8,4,0.1
jitter_scan,-0.12062600865204734,,33.8,5,0.1
jitter_scan,-0.1214827666605238,,33.8,6,0.1
jitter_scan,-0.13189127814173904,,33.8,7,0.1
jitter_scan,-0.3025895420350562,,33.8,8,0.1
jitter_scan,-0.10775972050546528,,33.8,9,0.1
jitter_scan,-0.18023264463613706,,33.8,10,0.1
jitter_scan,-0.08912555562350377,,33.8,11,0.1
jitter_scan,-0.190805053697804,,33.8,12,0.1
jitter_scan,-0.21492570559746416,,33.8,13,0.1
jitter_scan,-0.22763934485948242,,33.8,14,0.1
jitter_scan,-0.28922776926687516,,33.8,15,0.1
jitter_scan,-0.20637054076855876,,33.8,16,0.1
jitter_scan,-0.2275013373783412,,33.8,17,0.1
jitter_scan,-0.13044744904961214,,33.8,18,0.1
jitter_scan,-0.2534139263904271,,33.8,19,0.1
jitter_scan,-0.1369727743915716,,33.8,20,0.1
jitter_scan,-0.15693006524082803,,33.8,21,0.1
jitter_scan,-0.2258723114638122,,33.8,22,0.1
jitter_scan,-0.317240299928346,,33.8,23,0.1
jitter_scan,-0.1260431766799812,,7.83,0,0.2
jitter_scan,-0.17938858002533337,,7.83,1,0.2
jitter_scan,-0.08319606985434869,,7.83,2,0.2
jitter_scan,-0.08531600402726414,,7.83,3,0.2
jitter_scan,-0.1073445067527926,,7.83,4,0.2
jitter_scan,-0.20690119535791685,,7.83,5,0.2
jitter_scan,-0.22903127892408087,,7.83,6,0.2
jitter_scan,-0.06713580803981865,,7.83,7,0.2
jitter_scan,-0.23552516697760947,,7.83,8,0.2
jitter_scan,-0.11880970607529863,,7.83,9,0.2
jitter_scan,-0.17360071242432304,,7.83,10,0.2
jitter_scan,-0.14581097455015202,,7.83,11,0.2
jitter_scan,-0.13221976526704926,,7.83,12,0.2
jitter_scan,-0.1906411706450768,,7.83,13,0.2
jitter_scan,-0.1055914180567814,,7.83,14,0.2
jitter_scan,-0.3419946778436117,,7.83,15,0.2
jitter_scan,-0.18779550706842418,,7.83,16,0.2
jitter_scan,-0.12901803078260343,,7.83,17,0.2
jitter_scan,-0.08757114575718548,,7.83,18,0.2
jitter_scan,-0.1591028616608153,,7.83,19,0.2
jitter_scan,-0.169717870174687,,7.83,20,0.2
jitter_scan,-0.05555877404508702,,7.83,21,0.2
jitter_scan,-0.15552958943904763,,7.83,22,0.2
jitter_scan,-0.09648703222375989,,7.83,23,0.2
jitter_scan,-0.1100788556093027,,10.0,0,0.2
jitter_scan,-0.2308679007984423,,10.0,1,0.2
jitter_scan,-0.15376178953718497,,10.0,2,0.2
jitter_scan,-0.15134443576513396,,10.0,3,0.2
jitter_scan,-0.1464258076240238,,10.0,4,0.2
jitter_scan,-0.20643151624260903,,10.0,5,0.2
jitter_scan,-0.23226991598692248,,10.0,6,0.2
jitter_scan,-0.08938353655437949,,10.0,7,0.2
jitter_scan,-0.05973287006492832,,10.0,8,0.2
jitter_scan,-0.2409283597938861,,10.0,9,0.2
jitter_scan,-0.22019508812882635,,10.0,10,0.2
jitter_scan,-0.1756101405924101,,10.0,11,0.2
jitter_scan,-0.11638491599759895,,10.0,12,0.2
jitter_scan,-0.08378320869257116,,10.0,13,0.2
jitter_scan,-0.14936550564056897,,10.0,14,0.2
jitter_scan,-0.083381781895661,,10.0,15,0.2
jitter_scan,-0.14099163346873897,,10.0,16,0.2
jitter_scan,-0.24358639481037053,,10.0,17,0.2
jitter_scan,-0.07429083355637964,,10.0,18,0.2
jitter_scan,-0.12326894677526759,,10.0,19,0.2
jitter_scan,-0.18601635972649977,,10.0,20,0.2
jitter_scan,-0.14642483492111424,,10.0,21,0.2
jitter_scan,-0.17562155437203797,,10.0,22,0.2
jitter_scan,-0.0794692217198325,,10.0,23,0.2
jitter_scan,-0.14567296384927791,,14.3,0,0.2
jitter_scan,-0.18718864824876247,,14.3,1,0.2
jitter_scan,-0.12585230346114878,,14.3,2,0.2
jitter_scan,-0.12984075198298978,,14.3,3,0.2
jitter_scan,-0.12864155892417672,,14.3,4,0.2
jitter_scan,-0.13084218921117752,,14.3,5,0.2
jitter_scan,-0.17647321634306617,,14.3,6,0.2
jitter_scan,-0.13771066484002062,,14.3,7,0.2
jitter_scan,-0.08691242400301222,,14.3,8,0.2
jitter_scan,-0.0846613507114071,,14.3,9,0.2
jitter_scan,-0.1292969942110484,,14.3,10,0.2
jitter_scan,-0.15718406948398347,,14.3,11,0.2
jitter_scan,-0.17540614092301493,,14.3,12,0.2
jitter_scan,-0.19775520289481296,,14.3,13,0.2
jitter_scan,-0.09438770292924764,,14.3,14,0.2
jitter_scan,-0.14839989829633665,,14.3,15,0.2
jitter_scan,-0.07023678072288779,,14.3,16,0.2
jitter_scan,-0.10094065581543198,,14.3,17,0.2
jitter_scan,-0.13692668413500522,,14.3,18,0.2
jitter_scan,-0.11962982556771523,,14.3,19,0.2
jitter_scan,-0.15093517184162758,,14.3,20,0.2
jitter_scan,-0.11783000529658601,,14.3,21,0.2
jitter_scan,-0.05985107956221136,,14.3,22,0.2
jitter_scan,-0.16493449916613143,,14.3,23,0.2
jitter_scan,-0.11142328370939752,,20.8,0,0.2
jitter_scan,-0.19067675613854282,,20.8,1,0.2
jitter_scan,-0.14183008175197084,,20.8,2,0.2
jitter_scan,-0.16139787312375214,,20.8,3,0.2
jitter_scan,-0.0783478538739859,,20.8,4,0.2
jitter_scan,-0.17209733308985375,,20.8,5,0.2
jitter_scan,-0.0901344224009778,,20.8,6,0.2
jitter_scan,-0.20091745809100398,,20.8,7,0.2
jitter_scan,-0.07121948656789995,,20.8,8,0.2
jitter_scan,-0.14644460533067408,,20.8,9,0.2
jitter_scan,-0.09498489745677771,,20.8,10,0.2
jitter_scan,-0.0765190205438723,,20.8,11,0.2
jitter_scan,-0.16080137778942244,,20.8,12,0.2
jitter_scan,-0.11841876823803277,,20.8,13,0.2
jitter_scan,-0.1475105100180763,,20.8,14,0.2
jitter_scan,-0.18901410555853973,,20.8,15,0.2
jitter_scan,-0.10704657173397258,,20.8,16,0.2
jitter_scan,-0.1760648647345405,,20.8,17,0.2
jitter_scan,-0.0980386570536769,,20.8,18,0.2
jitter_scan,-0.07238784173335736,,20.8,19,0.2
jitter_scan,-0.11243861563647932,,20.8,20,0.2
jitter_scan,-0.24288010960650183,,20.8,21,0.2
jitter_scan,-0.2194164015316537,,20.8,22,0.2
jitter_scan,-0.15529935310753382,,20.8,23,0.2
jitter_scan,-0.20039155851681084,,27.3,0,0.2
jitter_scan,-0.11995675282151305,,27.3,1,0.2
jitter_scan,-0.17589557016057977,,27.3,2,0.2
jitter_scan,-0.1251525200185707,,27.3,3,0.2
jitter_scan,-0.09362502424066393,,27.3,4,0.2
jitter_scan,-0.36471447520098665,,27.3,5,0.2
jitter_scan,-0.07339850430824071,,27.3,6,0.2
jitter_scan,-0.09971318850349385,,27.3,7,0.2
jitter_scan,-0.29003364327882925,,27.3,8,0.2
jitter_scan,-0.11913785168954635,,27.3,9,0.2
jitter_scan,-0.0668334009934433,,27.3,10,0.2
jitter_scan,-0.15250375545957306,,27.3,11,0.2
jitter_scan,-0.10417063528334312,,27.3,12,0.2
jitter_scan,-0.30710205488771986,,27.3,13,0.2
jitter_scan,-0.0692592811719771,,27.3,14,0.2
jitter_scan,-0.058433129089791966,,27.3,15,0.2
jitter_scan,-0.15879582784275628,,27.3,16,0.2
jitter_scan,-0.06658685956569647,,27.3,17,0.2
jitter_scan,-0.04012254164848557,,27.3,18,0.2
jitter_scan,-0.16878928076223845,,27.3,19,0.2
jitter_scan,-0.14815634300703615,,27.3,20,0.2
jitter_scan,-0.11387473195374068,,27.3,21,0.2
jitter_scan,-0.10611908311575166,,27.3,22,0.2
jitter_scan,-0.06057258030219867,,27.3,23,0.2
jitter_scan,-0.2344249478309623,,33.8,0,0.2
jitter_scan,-0.20491600856362868,,33.8,1,0.2
jitter_scan,-0.08939848889755128,,33.8,2,0.2
jitter_scan,-0.06094474376420818,,33.8,3,0.2
jitter_scan,-0.05947558327550798,,33.8,4,0.2
jitter_scan,-0.11320893153056541,,33.8,5,0.2
jitter_scan,-0.07280525040862337,,33.8,6,0.2
jitter_scan,-0.09877143929709169,,33.8,7,0.2
jitter_scan,-0.18376327874083148,,33.8,8,0.2
jitter_scan,-0.10115569326790266,,33.8,9,0.2
jitter_scan,-0.14527745192213296,,33.8,10,0.2
jitter_scan,-0.05625578458767819,,33.8,11,0.2
jitter_scan,-0.11015714017113787,,33.8,12,0.2
jitter_scan,-0.15365697189706412,,33.8,13,0.2
jitter_scan,-0.1555598251490687,,33.8,14,0.2
jitter_scan,-0.2633514670338012,,33.8,15,0.2
jitter_scan,-0.11262964625847122,,33.8,16,0.2
jitter_scan,-0.1559768131222421,,33.8,17,0.2
jitter_scan,-0.05190073560208558,,33.8,18,0.2
jitter_scan,-0.16825744807758442,,33.8,19,0.2
jitter_scan,-0.09054682706809733,,33.8,20,0.2
jitter_scan,-0.1108432043125552,,33.8,21,0.2
jitter_scan,-0.15934271380461526,,33.8,22,0.2
jitter_scan,-0.23327410646617666,,33.8,23,0.2
jitter_scan,-0.07679708302732392,,7.83,0,0.35
jitter_scan,-0.07324739413682332,,7.83,1,0.35
jitter_scan,-0.03446045325703784,,7.83,2,0.35
jitter_scan,-0.04568463493628236,,7.83,3,0.35
jitter_scan,-0.09787643441716538,,7.83,4,0.35
jitter_scan,-0.13451749528324103,,7.83,5,0.35
jitter_scan,-0.1364789959182286,,7.83,6,0.35
jitter_scan,-0.043824050834982184,,7.83,7,0.35
jitter_scan,-0.09284328392268393,,7.83,8,0.35
jitter_scan,-0.041005175136297256,,7.83,9,0.35
jitter_scan,-0.08437521227453093,,7.83,10,0.35
jitter_scan,-0.08200082416174104,,7.83,11,0.35
jitter_scan,-0.04120361701633621,,7.83,12,0.35
jitter_scan,-0.06703618469053146,,7.83,13,0.35
jitter_scan,-0.039162416731727795,,7.83,14,0.35
jitter_scan,-0.07919871520331156,,7.83,15,0.35
jitter_scan,-0.11884008981944993,,7.83,16,0.35
jitter_scan,-0.08534307578995803,,7.83,17,0.35
jitter_scan,-0.0658156976461899,,7.83,18,0.35
jitter_scan,-0.09334710358929373,,7.83,19,0.35
jitter_scan,-0.05838786759925929,,7.83,20,0.35
jitter_scan,-0.018992743363123066,,7.83,21,0.35
jitter_scan,-0.07005642974122644,,7.83,22,0.35
jitter_scan,-0.036819726755684845,,7.83,23,0.35
jitter_scan,-0.030977155994195926,,10.0,0,0.35
jitter_scan,-0.1224203023082027,,10.0,1,0.35
jitter_scan,-0.05734329798513291,,10.0,2,0.35
jitter_scan,-0.08137275553901119,,10.0,3,0.35
jitter_scan,-0.10105392707775532,,10.0,4,0.35
jitter_scan,-0.06689818200465783,,10.0,5,0.35
jitter_scan,-0.0745611463707525,,10.0,6,0.35
jitter_scan,-0.037363662643636025,,10.0,7,0.35
jitter_scan,-0.03989734302363443,,10.0,8,0.35
jitter_scan,-0.14568080822338453,,10.0,9,0.35
jitter_scan,-0.1256300307811017,,10.0,10,0.35
jitter_scan,-0.09990967398620129,,10.0,11,0.35
jitter_scan,-0.04779416704073702,,10.0,12,0.35
jitter_scan,-0.021658803999257903,,10.0,13,0.35
jitter_scan,-0.10383014850501837,,10.0,14,0.35
jitter_scan,-0.023542695167880517,,10.0,15,0.35
jitter_scan,-0.05696103686683149,,10.0,16,0.35
jitter_scan,-0.14142755692055065,,10.0,17,0.35
jitter_scan,-0.04021549225890689,,10.0,18,0.35
jitter_scan,-0.07717377158703065,,10.0,19,0.35
jitter_scan,-0.10786778935001692,,10.0,20,0.35
jitter_scan,-0.10895688969191622,,10.0,21,0.35
jitter_scan,-0.10155123049592049,,10.0,22,0.35
jitter_scan,-0.028569664922339852,,10.0,23,0.35
jitter_scan,-0.0726680384613407,,14.3,0,0.35
jitter_scan,-0.07372047519999103,,14.3,1,0.35
jitter_scan,-0.062176989342302674,,14.3,2,0.35
jitter_scan,-0.12528773671109597,,14.3,3,0.35
jitter_scan,-0.06276249221485729,,14.3,4,0.35
jitter_scan,-0.03860520652502403,,14.3,5,0.35
jitter_scan,-0.04239104806408875,,14.3,6,0.35
jitter_scan,-0.06646529339041363,,14.3,7,0.35
jitter_scan,-0.035774074900630184,,14.3,8,0.35
jitter_scan,-0.04686006816121635,,14.3,9,0.35
jitter_scan,-0.0746423608824203,,14.3,10,0.35
jitter_scan,-0.09890784288776328,,14.3,11,0.35
jitter_scan,-0.07138975641259504,,14.3,12,0.35
jitter_scan,-0.05835144790880381,,14.3,13,0.35
jitter_scan,-0.05114593164679057,,14.3,14,0.35
jitter_scan,-0.07781588507676912,,14.3,15,0.35
jitter_scan,-0.04337414044889887,,14.3,16,0.35
jitter_scan,-0.04502091823089638,,14.3,17,0.35
jitter_scan,-0.09640827611531279,,14.3,18,0.35
jitter_scan,-0.05697151325655268,,14.3,19,0.35
jitter_scan,-0.07427229012244993,,14.3,20,0.35
jitter_scan,-0.07232752440360393,,14.3,21,0.35
jitter_scan,-0.023374149674033617,,14.3,22,0.35
jitter_scan,-0.08241728725059719,,14.3,23,0.35
jitter_scan,-0.04597946695921873,,20.8,0,0.35
jitter_scan,-0.061863680345310756,,20.8,1,0.35
jitter_scan,-0.06861016141560766,,20.8,2,0.35
jitter_scan,-0.07187378014046975,,20.8,3,0.35
jitter_scan,-0.0458229466515513,,20.8,4,0.35
jitter_scan,-0.0795030958859914,,20.8,5,0.35
jitter_scan,-0.022551247141541372,,20.8,6,0.35
jitter_scan,-0.11665886661805636,,20.8,7,0.35
jitter_scan,-0.018335643376527794,,20.8,8,0.35
jitter_scan,-0.06756284361252304,,20.8,9,0.35
jitter_scan,-0.021691462760479868,,20.8,10,0.35
jitter_scan,-0.024948622834821826,,20.8,11,0.35
jitter_scan,-0.05239478258267338,,20.8,12,0.35
jitter_scan,-0.04753684380349241,,20.8,13,0.35
jitter_scan,-0.11159334429645226,,20.8,14,0.35
jitter_scan,-0.1041725234643287,,20.8,15,0.35
jitter_scan,-0.036394056661089635,,20.8,16,0.35
jitter_scan,-0.04567108655920807,,20.8,17,0.35
jitter_scan,-0.043873740287016655,,20.8,18,0.35
jitter_scan,-0.03512443008563168,,20.8,19,0.35
jitter_scan,-0.0709471502009513,,20.8,20,0.35
jitter_scan,-0.075600623054345,,20.8,21,0.35
jitter_scan,-0.04920095569332969,,20.8,22,0.35
jitter_scan,-0.0485481517692361,,20.8,23,0.35
jitter_scan,-0.08608274275198396,,27.3,0,0.35
jitter_scan,-0.05631209289519079,,27.3,1,0.35
jitter_scan,-0.12938096570362168,,27.3,2,0.35
jitter_scan,-0.09222387829667322,,27.3,3,0.35
jitter_scan,-0.023217731804359806,,27.3,4,0.35
jitter_scan,-0.10532417360584423,,27.3,5,0.35
jitter_scan,-0.043986500094186434,,27.3,6,0.35
jitter_scan,-0.04008062663610276,,27.3,7,0.35
jitter_scan,-0.15577504190980654,,27.3,8,0.35
jitter_scan,-0.06340533286079751,,27.3,9,0.35
jitter_scan,-0.012921285687075318,,27.3,10,0.35
jitter_scan,-0.09883389217762092,,27.3,11,0.35
jitter_scan,-0.05739498957606266,,27.3,12,0.35
jitter_scan,-0.14451704350115072,,27.3,13,0.35
jitter_scan,-0.02550412863361992,,27.3,14,0.35
jitter_scan,-0.015428174427392263,,27.3,15,0.35
jitter_scan,-0.10144162193395567,,27.3,16,0.35
jitter_scan,-0.040109277808868374,,27.3,17,0.35
jitter_scan,-0.00749503267984547,,27.3,18,0.35
jitter_scan,-0.10412110555495199,,27.3,19,0.35
jitter_scan,-0.10129895743215712,,27.3,20,0.35
jitter_scan,-0.039986667578101265,,27.3,21,0.35
jitter_scan,-0.047393948533669836,,27.3,22,0.35
jitter_scan,-0.013181843578954383,,27.3,23,0.35
jitter_scan,-0.08137737238382556,,33.8,0,0.35
jitter_scan,-0.055477324368332775,,33.8,1,0.35
jitter_scan,-0.0458874445382139,,33.8,2,0.35
jitter_scan,-0.02358892855285112,,33.8,3,0.35
jitter_scan,-0.01886249135363549,,33.8,4,0.35
jitter_scan,-0.04289296372686774,,33.8,5,0.35
jitter_scan,-0.034037561805373776,,33.8,6,0.35
jitter_scan,-0.030798257171904292,,33.8,7,0.35
jitter_scan,-0.08396815510997935,,33.8,8,0.35
jitter_scan,-0.047917913879270635,,33.8,9,0.35
jitter_scan,-0.0633587971000858,,33.8,10,0.35
jitter_scan,-0.018481647001287432,,33.8,11,0.35
jitter_scan,-0.04445743122269927,,33.8,12,0.35
jitter_scan,-0.051762431843720896,,33.8,13,0.35
jitter_scan,-0.09452067582284115,,33.8,14,0.35
jitter_scan,-0.06422047626135441,,33.8,15,0.35
jitter_scan,-0.058328318137489565,,33.8,16,0.35
jitter_scan,-0.07793239532792207,,33.8,17,0.35
jitter_scan,-0.030615245016656883,,33.8,18,0.35
jitter_scan,-0.0600692924176775,,33.8,19,0.35
jitter_scan,-0.041903882478247945,,33.8,20,0.35
jitter_scan,-0.02979836601969646,,33.8,21,0.35
jitter_scan,-0.057909899871713716,,33.8,22,0.35
jitter_scan,-0.1315860341084546,,33.8,23,0.35
jitter_scan,-0.04726388588122454,,7.83,0,0.5
jitter_scan,-0.02158404131589961,,7.83,1,0.5
jitter_scan,-0.002632533980420848,,7.83,2,0.5
jitter_scan,-0.01117474350532277,,7.83,3,0.5
jitter_scan,-0.03636238240177114,,7.83,4,0.5
jitter_scan,-0.03290902869810994,,7.83,5,0.5
jitter_scan,-0.03528235714582659,,7.83,6,0.5
jitter_scan,-0.02198480597751759,,7.83,7,0.5
jitter_scan,-0.0483003518596839,,7.83,8,0.5
jitter_scan,-0.016861110334772722,,7.83,9,0.5
jitter_scan,-0.020140222429415544,,7.83,10,0.5
jitter_scan,-0.0189846871229849,,7.83,11,0.5
jitter_scan,-0.017768164394444674,,7.83,12,0.5
jitter_scan,-0.008472780055378437,,7.83,13,0.5
jitter_scan,-0.013774034280330055,,7.83,14,0.5
jitter_scan,-0.024207697210645585,,7.83,15,0.5
jitter_scan,-0.03233493919437874,,7.83,16,0.5
jitter_scan,-0.026671640732205043,,7.83,17,0.5
jitter_scan,-0.03634473833788754,,7.83,18,0.5
jitter_scan,-0.02246444964143582,,7.83,19,0.5
jitter_scan,-0.015681953841266694,,7.83,20,0.5
jitter_scan,-0.006811090234216777,,7.83,21,0.5
jitter_scan,-0.015855209530185543,,7.83,22,0.5
jitter_scan,-0.0019341158624854582,,7.83,23,0.5
jitter_scan,-0.019558492676635286,,10.0,0,0.5
jitter_scan,-0.05482237701226139,,10.0,1,0.5
jitter_scan,-0.023601618712031147,,10.0,2,0.5
jitter_scan,-0.060763199917670124,,10.0,3,0.5
jitter_scan,-0.03598181040918433,,10.0,4,0.5
jitter_scan,-0.020705839889116173,,10.0,5,0.5
jitter_scan,-0.028006176830184193,,10.0,6,0.5
jitter_scan,0.003933301863590255,,10.0,7,0.5
jitter_scan,-0.008654106703863476,,10.0,8,0.5
jitter_scan,-0.032063182702679216,,10.0,9,0.5
jitter_scan,-0.02773940799962732,,10.0,10,0.5
jitter_scan,-0.04251868059409483,,10.0,11,0.5
jitter_scan,-0.0053996952990705005,,10.0,12,0.5
jitter_scan,-0.011356958857843935,,10.0,13,0.5
jitter_scan,-0.04669822056367892,,10.0,14,0.5
jitter_scan,-0.011624076567591346,,10.0,15,0.5
jitter_scan,-0.025398655880289528,,10.0,16,0.5
jitter_scan,-0.0602856436255145,,10.0,17,0.5
jitter_scan,-0.0026998905095183545,,10.0,18,0.5
jitter_scan,-0.019667675295000214,,10.0,19,0.5
jitter_scan,-0.035966560006715775,,10.0,20,0.5
jitter_scan,-0.03230368009861606,,10.0,21,0.5
jitter_scan,-0.07399786338142192,,10.0,22,0.5
jitter_scan,-0.013736635708348405,,10.0,23,0.5
jitter_scan,-0.02738520533947303,,14.3,0,0.5
jitter_scan,-0.011406885356541663,,14.3,1,0.5
jitter_scan,-0.020385225030305626,,14.3,2,0.5
jitter_scan,-0.020039467430048197,,14.3,3,0.5
jitter_scan,-0.019189233868821765,,14.3,4,0.5
jitter_scan,-0.027578608734223353,,14.3,5,0.5
jitter_scan,-0.027761200021927196,,14.3,6,0.5
jitter_scan,-0.00983181857920451,,14.3,7,0.5
jitter_scan,0.0004857967577280575,,14.3,8,0.5
jitter_scan,-0.04477321158812565,,14.3,9,0.5
jitter_scan,-0.014875452209990592,,14.3,10,0.5
jitter_scan,-0.026029760509008848,,14.3,11,0.5
jitter_scan,-0.007459142217781878,,14.3,12,0.5
jitter_scan,-0.016977621262218134,,14.3,13,0.5
jitter_scan,-0.023766072838861313,,14.3,14,0.5
jitter_scan,-0.01680152875870769,,14.3,15,0.5
jitter_scan,-0.01871235555641207,,14.3,16,0.5
jitter_scan,-0.012917605189973952,,14.3,17,0.5
jitter_scan,-0.022635401919945147,,14.3,18,0.5
jitter_scan,-0.0165546657444145,,14.3,19,0.5
jitter_scan,-0.01848926801361514,,14.3,20,0.5
jitter_scan,-0.02985645466141651,,14.3,21,0.5
jitter_scan,-0.005395104157856767,,14.3,22,0.5
jitter_scan,-0.040212974852565586,,14.3,23,0.5
jitter_scan,-0.036352213783363424,,20.8,0,0.5
jitter_scan,-0.019066853896210045,,20.8,1,0.5
jitter_scan,-0.01282330670992099,,20.8,2,0.5
jitter_scan,-0.02670627362916872,,20.8,3,0.5
jitter_scan,-5.5239687746691524e-05,,20.8,4,0.5
jitter_scan,-0.0035874283652174155,,20.8,5,0.5
jitter_scan,0.006671001468497723,,20.8,6,0.5
jitter_scan,-0.025980969290195,,20.8,7,0.5
jitter_scan,-0.005873797831939864,,20.8,8,0.5
jitter_scan,-0.02209525260262074,,20.8,9,0.5
jitter_scan,-0.013908604626363341,,20.8,10,0.5
jitter_scan,-0.015724967035757237,,20.8,11,0.5
jitter_scan,-0.020279534817759848,,20.8,12,0.5
jitter_scan,-0.015983420407434223,,20.8,13,0.5
jitter_scan,-0.0704259582876331,,20.8,14,0.5
jitter_scan,-0.07704763663915826,,20.8,15,0.5
jitter_scan,-0.016747872440885214,,20.8,16,0.5
jitter_scan,-0.007393829747410763,,20.8,17,0.5
jitter_scan,-0.005218817567653022,,20.8,18,0.5
jitter_scan,-0.020017464299924487,,20.8,19,0.5
jitter_scan,-0.015205914186077585,,20.8,20,0.5
jitter_scan,-0.027442656825018785,,20.8,21,0.5
jitter_scan,-0.013501482864031467,,20.8,22,0.5
jitter_scan,-0.018288374976344002,,20.8,23,0.5
jitter_scan,-0.050070437411928126,,27.3,0,0.5
jitter_scan,-0.027890078918468952,,27.3,1,0.5
jitter_scan,-0.08602508164227604,,27.3,2,0.5
jitter_scan,-0.02654533007168934,,27.3,3,0.5
jitter_scan,-0.012699527096950713,,27.3,4,0.5
jitter_scan,-0.020433097198590155,,27.3,5,0.5
jitter_scan,-0.013284165634615028,,27.3,6,0.5
jitter_scan,-0.010925108763112673,,27.3,7,0.5
jitter_scan,-0.05920346807363941,,27.3,8,0.5
jitter_scan,-0.01884114609845461,,27.3,9,0.5
jitter_scan,0.00113062534202521,,27.3,10,0.5
jitter_scan,-0.02313627466575441,,27.3,11,0.5
jitter_scan,-0.021448983575177077,,27.3,12,0.5
jitter_scan,-0.09248151828705348,,27.3,13,0.5
jitter_scan,-0.004666447230615933,,27.3,14,0.5
jitter_scan,-0.005292817255008117,,27.3,15,0.5
jitter_scan,-0.018042839397301835,,27.3,16,0.5
jitter_scan,-0.019804974469390196,,27.3,17,0.5
jitter_scan,0.0013544928472750545,,27.3,18,0.5
jitter_scan,-0.04910471576569908,,27.3,19,0.5
jitter_scan,-0.022579897705638285,,27.3,20,0.5
jitter_scan,-0.006331594348902458,,27.3,21,0.5
jitter_scan,-0.023134446058321503,,27.3,22,0.5
jitter_scan,-0.007590091843174496,,27.3,23,0.5
jitter_scan,-0.02592030911007953,,33.8,0,0.5
jitter_scan,-0.024070921689074293,,33.8,1,0.5
jitter_scan,0.0016733924768568553,,33.8,2,0.5
jitter_scan,-0.008428391711780475,,33.8,3,0.5
jitter_scan,0.0005649005489316433,,33.8,4,0.5
jitter_scan,-0.007685905651691027,,33.8,5,0.5
jitter_scan,-0.0032385812842576356,,33.8,6,0.5
jitter_scan,-0.001995472934216369,,33.8,7,0.5
jitter_scan,-0.01933761535325218,,33.8,8,0.5
jitter_scan,0.0014500721520568083,,33.8,9,0.5
jitter_scan,-0.030410636394852808,,33.8,10,0.5
jitter_scan,0.004215665372701766,,33.8,11,0.5
jitter_scan,-0.011277661398900601,,33.8,12,0.5
jitter_scan,-0.02787399399516788,,33.8,13,0.5
jitter_scan,-0.0366720809231634,,33.8,14,0.5
jitter_scan,-0.03956587270776346,,33.8,15,0.5
jitter_scan,-0.016610827686776575,,33.8,16,0.5
jitter_scan,-0.023057687889111944,,33.8,17,0.5
jitter_scan,-0.0015983802951759496,,33.8,18,0.5
jitter_scan,-0.019107379757043852,,33.8,19,0.5
jitter_scan,-0.02740390146655408,,33.8,20,0.5
jitter_scan,-0.012639061573689547,,33.8,21,0.5
jitter_scan,-0.024827743781173972,,33.8,22,0.5
jitter_scan,-0.0203736769152304,,33.8,23,0.5
jitter_scan,-0.005817651745414765,,7.83,0,0.75
jitter_scan,3.7622707421192114e-05,,7.83,1,0.75
jitter_scan,0.0076879480162758695,,7.83,2,0.75
jitter_scan,-0.006389924695079707,,7.83,3,0.75
jitter_scan,-0.008949933398544357,,7.83,4,0.75
jitter_scan,-0.006452327190507423,,7.83,5,0.75
jitter_scan,-0.007016551001806093,,7.83,6,0.75
jitter_scan,-0.0009717963399195201,,7.83,7,0.75
jitter_scan,-0.003767126370521734,,7.83,8,0.75
jitter_scan,-0.0017054163048406679,,7.83,9,0.75
jitter_scan,-0.00434662676787817,,7.83,10,0.75
jitter_scan,-0.00029192755014151306,,7.83,11,0.75
jitter_scan,-0.00013007530087189023,,7.83,12,0.75
jitter_scan,-0.002919811443505338,,7.83,13,0.75
jitter_scan,-0.00035452543968411687,,7.83,14,0.75
jitter_scan,-0.002912592301206829,,7.83,15,0.75
jitter_scan,-0.004266525941005572,,7.83,16,0.75
jitter_scan,-0.004420839441673152,,7.83,17,0.75
jitter_scan,-0.01153243390666378,,7.83,18,0.75
jitter_scan,-0.00568394453326676,,7.83,19,0.75
jitter_scan,-0.009239049084417084,,7.83,20,0.75
jitter_scan,-0.004383469602256329,,7.83,21,0.75
jitter_scan,0.0017537797120122378,,7.83,22,0.75
jitter_scan,-0.000661031845993143,,7.83,23,0.75
jitter_scan,-0.00813621391752739,,10.0,0,0.75
jitter_scan,-0.01240133139158306,,10.0,1,0.75
jitter_scan,-0.010178811012010514,,10.0,2,0.75
jitter_scan,-0.008259976497219212,,10.0,3,0.75
jitter_scan,0.00036573652028867865,,10.0,4,0.75
jitter_scan,0.0015351921933676183,,10.0,5,0.75
jitter_scan,0.002156011433197158,,10.0,6,0.75
jitter_scan,0.004160971531501495,,10.0,7,0.75
jitter_scan,-0.008182815814963593,,10.0,8,0.75
jitter_scan,0.00746993966179893,,10.0,9,0.75
jitter_scan,-0.005418978229006888,,10.0,10,0.75
jitter_scan,-0.0034300673215814093,,10.0,11,0.75
jitter_scan,0.0015682627907219193,,10.0,12,0.75
jitter_scan,-0.002525399181328214,,10.0,13,0.75
jitter_scan,-0.01304955379302572,,10.0,14,0.75
jitter_scan,0.0023598940345050667,,10.0,15,0.75
jitter_scan,-0.005173166211878799,,10.0,16,0.75
jitter_scan,-0.00569222023648891,,10.0,17,0.75
jitter_scan,-0.0055460241746835,,10.0,18,0.75
jitter_scan,0.009542751948828393,,10.0,19,0.75
jitter_scan,-0.009668142403221613,,10.0,20,0.75
jitter_scan,-0.008980423245195213,,10.0,21,0.75
jitter_scan,-0.007404126535573152,,10.0,22,0.75
jitter_scan,-0.0027603885212198337,,10.0,23,0.75
jitter_scan,0.0036880724847252744,,14.3,0,0.75
jitter_scan,-0.0037830785901069586,,14.3,1,0.75
jitter_scan,1.8405006225463705e-06,,14.3,2,0.75
jitter_scan,0.010209472272041636,,14.3,3,0.75
jitter_scan,0.016195761876779735,,14.3,4,0.75
jitter_scan,0.0015854250410387016,,14.3,5,0.75
jitter_scan,-0.0018777539072191152,,14.3,6,0.75
jitter_scan,0.0024797028581250435,,14.3,7,0.75
jitter_scan,0.0019489391532826889,,14.3,8,0.75
jitter_scan,-0.0010780562933003224,,14.3,9,0.75
jitter_scan,0.004205554046215393,,14.3,10,0.75
jitter_scan,-0.007378226704151947,,14.3,11,0.75
jitter_scan,-0.006082309299999339,,14.3,12,0.75
jitter_scan,-0.0029670960250736678,,14.3,13,0.75
jitter_scan,0.002600219927526737,,14.3,14,0.75
jitter_scan,0.00012183452216654733,,14.3,15,0.75
jitter_scan,0.0028265346921527573,,14.3,16,0.75
jitter_scan,0.0029116906276153154,,14.3,17,0.75
jitter_scan,-0.004971930318112189,,14.3,18,0.75
jitter_scan,0.0019469103876257332,,14.3,19,0.75
jitter_scan,0.001683333603050452,,14.3,20,0.75
jitter_scan,-0.011084492439787902,,14.3,21,0.75
jitter_scan,-0.0028385996291056537,,14.3,22,0.75
jitter_scan,-0.04411903301515546,,14.3,23,0.75
jitter_scan,-0.0036313950014827956,,20.8,0,0.75
jitter_scan,0.006319470389383075,,20.8,1,0.75
jitter_scan,0.007662219334135356,,20.8,2,0.75
jitter_scan,0.00019853810665471094,,20.8,3,0.75
jitter_scan,0.00451324474829945,,20.8,4,0.75
jitter_scan,0.00022016577435773899,,20.8,5,0.75
jitter_scan,-0.0016801385082220177,,20.8,6,0.75
jitter_scan,0.001073170157302683,,20.8,7,0.75
jitter_scan,0.0015204096024564462,,20.8,8,0.75
jitter_scan,0.0021595173530419287,,20.8,9,0.75
jitter_scan,-0.0035456059340205626,,20.8,10,0.75
jitter_scan,-0.008894928469093344,,20.8,11,0.75
jitter_scan,0.004236096613533746,,20.8,12,0.75
jitter_scan,0.00015293599563731552,,20.8,13,0.75
jitter_scan,-0.00470277870019889,,20.8,14,0.75
jitter_scan,-0.022863141799703446,,20.8,15,0.75
jitter_scan,-0.0014448319287417022,,20.8,16,0.75
jitter_scan,0.007330051386307657,,20.8,17,0.75
jitter_scan,-0.006376978521435345,,20.8,18,0.75
jitter_scan,-0.0074463555808846615,,20.8,19,0.75
jitter_scan,-0.00032078718758823954,,20.8,20,0.75
jitter_scan,-0.006245008179809275,,20.8,21,0.75
jitter_scan,0.0006595453444918631,,20.8,22,0.75
jitter_scan,-0.007687025941834791,,20.8,23,0.75
jitter_scan,-0.010325225853750286,,27.3,0,0.75
jitter_scan,0.006270077612422459,,27.3,1,0.75
jitter_scan,-0.006105867016552635,,27.3,2,0.75
jitter_scan,0.00491322025431537,,27.3,3,0.75
jitter_scan,-0.0018180806877851619,,27.3,4,0.75
jitter_scan,-0.001701043512691347,,27.3,5,0.75
jitter_scan,0.009788770972599475,,27.3,6,0.75
jitter_scan,0.004792965548205519,,27.3,7,0.75
jitter_scan,0.005839742797424885,,27.3,8,0.75
jitter_scan,-0.008306968099841633,,27.3,9,0.75
jitter_scan,-0.009316981534459534,,27.3,10,0.75
jitter_scan,0.0028002547841599335,,27.3,11,0.75
jitter_scan,-0.006772459469731956,,27.3,12,0.75
jitter_scan,-0.010276376773688034,,27.3,13,0.75
jitter_scan,0.002689364167132946,,27.3,14,0.75
jitter_scan,0.0012119425892363894,,27.3,15,0.75
jitter_scan,-0.006830843781166718,,27.3,16,0.75
jitter_scan,-0.0001494720659412918,,27.3,17,0.75
jitter_scan,0.004674583478261607,,27.3,18,0.75
jitter_scan,-0.0006788425517645358,,27.3,19,0.75
jitter_scan,-0.004635198211488389,,27.3,20,0.75
jitter_scan,-0.001614172273623371,,27.3,21,0.75
jitter_scan,-0.0009384421665432907,,27.3,22,0.75
jitter_scan,-0.006580366275979743,,27.3,23,0.75
jitter_scan,-0.007935723723315302,,33.8,0,0.75
jitter_scan,-0.014752529348704219,,33.8,1,0.75
jitter_scan,0.0003171530601641104,,33.8,2,0.75
jitter_scan,0.00034927088683725516,,33.8,3,0.75
jitter_scan,0.0031293722513195676,,33.8,4,0.75
jitter_scan,-0.004069303510110256,,33.8,5,0.75
jitter_scan,-0.0005252760272230761,,33.8,6,0.75
jitter_scan,-0.0021626319290772855,,33.8,7,0.75
jitter_scan,0.007488125249482891,,33.8,8,0.75
jitter_scan,0.0037743292510440396,,33.8,9,0.75
jitter_scan,-0.0011794406470835295,,33.8,10,0.75
jitter_scan,-0.0009392464338203177,,33.8,11,0.75
jitter_scan,-0.0033343731529997256,,33.8,12,0.75
jitter_scan,0.003994272412736699,,33.8,13,0.75
jitter_scan,-0.00021749588127034647,,33.8,14,0.75
jitter_scan,-0.00503415218718728,,33.8,15,0.75
jitter_scan,-0.004881242955371401,,33.8,16,0.75
jitter_scan,-0.0021190099405869467,,33.8,17,0.75
jitter_scan,0.00029912970387824256,,33.8,18,0.75
jitter_scan,0.0013063911084054136,,33.8,19,0.75
jitter_scan,-0.008015288091448969,,33.8,20,0.75
jitter_scan,-0.0008233631891150228,,33.8,21,0.75
jitter_scan,-0.007278123458540842,,33.8,22,0.75
jitter_scan,-0.0039366647390278176,,33.8,23,0.75
