analysis,condition,network,network_frequency_hz,delta_mean_R_mean,delta_mean_R_sd,delta_mean_R_sem,delta_mean_R_ci95_low,delta_mean_R_ci95_high,delta_mean_R_ci95_halfwidth,delta_mean_R_ci_method,n_blocks,delta_lock_fraction_R_ge_0_55_mean,delta_strong_lock_fraction_R_ge_0_70_mean,coupling_multiplier,forcing_multiplier,coupling_strength_K_cycles_per_s,jitter_level,forcing_strength_cycles_per_s,natural_frequency_sd_hz
condition_comparison,CLEAN_MATCHED,network_10_00Hz,10.0,0.11356259543197156,0.05740784081637883,0.011718326436254119,0.08932139026823975,0.13780380059570338,0.02424120516373181,student_t,24,0.0012291666666666666,0.0,,,,,,
condition_comparison,CLEAN_MATCHED,network_14_30Hz,14.3,0.11752323330739238,0.06503012638551257,0.013274218962767231,0.09006341922769509,0.14498304738708967,0.027459814079697283,student_t,24,0.0008958333333333332,0.0,,,,,,
condition_comparison,CLEAN_MATCHED,network_20_80Hz,20.8,0.11768573421036162,0.07055883608505363,0.014402762104421539,0.08789135077199493,0.14748011764872831,0.029794383438366687,student_t,24,0.001875,0.0,,,,,,
condition_comparison,CLEAN_MATCHED,network_27_30Hz,27.3,0.1193330560230091,0.06202607209005706,0.012661018947477062,0.09314174282165091,0.1455243692243673,0.026191313201358195,student_t,24,0.005125,0.0,,,,,,
condition_comparison,CLEAN_MATCHED,network_33_80Hz,33.8,0.10674862559444113,0.06843886058839581,0.01397002391825362,0.07784942929820965,0.13564782189067262,0.02889919629623149,student_t,24,0.0053125,0.0,,,,,,
condition_comparison,CLEAN_MATCHED,network_7_83Hz,7.83,0.09068877990712927,0.07012117398995499,0.014313424703359112,0.06107920496336543,0.12029835485089312,0.02960957494376384,student_t,24,0.00125,0.0,,,,,,
condition_comparison,FAR_DETUNED,network_10_00Hz,10.0,-5.1691174236158606e-05,0.0014660334207575285,0.00029925281889357514,-0.0006707427954797061,0.0005673604470073889,0.0006190516212435475,student_t,24,0.0,0.0,,,,,,
condition_comparison,FAR_DETUNED,network_14_30Hz,14.3,-0.0005513900720854394,0.00242957759768347,0.0004959354504017879,-0.0015773107158356964,0.0004745305716648177,0.0010259206437502571,student_t,24,0.0,0.0,,,,,,
condition_comparison,FAR_DETUNED,network_20_80Hz,20.8,-2.92136496469024e-05,0.001268238273253386,0.00025887805347826824,-0.0005647437051451914,0.0005063164058513866,0.000535530055498289,student_t,24,0.0,0.0,,,,,,
condition_comparison,FAR_DETUNED,network_27_30Hz,27.3,0.00022276146755803236,0.002540913917682725,0.0005186618815549047,-0.0008501723809547844,0.001295695316070849,0.0010729338485128167,student_t,24,0.0,0.0,,,,,,
condition_comparison,FAR_DETUNED,network_33_80Hz,33.8,0.0004938980736712614,0.0015705563665432826,0.0003205884758592157,-0.0001692897167275486,0.0011570858640700713,0.00066318779039881,student_t,24,0.0,0.0,,,,,,
condition_comparison,FAR_DETUNED,network_7_83Hz,7.83,0.0007259436576293824,0.002668340553116817,0.0005446727345926696,-0.0004007977399734982,0.001852685055232263,0.0011267413976028806,student_t,24,0.0,0.0,,,,,,
condition_comparison,HIGH_JITTER_MATCHED,network_10_00Hz,10.0,0.019072250725057208,0.016554275041168846,0.003379127242712889,0.012081993437844853,0.026062508012269562,0.0069902572872123534,student_t,24,0.0004375,0.0,,,,,,
condition_comparison,HIGH_JITTER_MATCHED,network_14_30Hz,14.3,0.013501274929288473,0.017352554402279823,0.0035420753349559592,0.006173933830954228,0.020828616027622718,0.0073273410983342455,student_t,24,0.0,0.0,,,,,,
condition_comparison,HIGH_JITTER_MATCHED,network_20_80Hz,20.8,0.00829397621999166,0.015913400723746602,0.0032483093204679755,0.0015743364232104545,0.015013616016772865,0.006719639796781206,student_t,24,0.0,0.0,,,,,,
condition_comparison,HIGH_JITTER_MATCHED,network_27_30Hz,27.3,0.00545017964511882,0.015461754982884155,0.003156117519666786,-0.001078746881316769,0.01197910617155441,0.006528926526435589,student_t,24,0.0,0.0,,,,,,
condition_comparison,HIGH_JITTER_MATCHED,network_33_80Hz,33.8,0.005191921001295582,0.019124240147884067,0.003903719173397023,-0.0028835373756909265,0.01326737937828209,0.008075458376986509,student_t,24,0.0,0.0,,,,,,
condition_comparison,HIGH_JITTER_MATCHED,network_7_83Hz,7.83,0.024177622672080522,0.02274676106109101,0.004643163158390187,0.014572507868059316,0.03378273747610173,0.009605114804021207,student_t,24,0.0,0.0,,,,,,
condition_comparison,INDEPENDENT_IRREGULAR_FORCING,network_10_00Hz,10.0,4.7119197172548526e-05,0.008716354047387399,0.0017792183194618395,-0.003633474319979176,0.003727712714324273,0.0036805935171517245,student_t,24,0.0,0.0,,,,,,
condition_comparison,INDEPENDENT_IRREGULAR_FORCING,network_14_30Hz,14.3,-0.0007413436933613049,0.010151748373387911,0.0020722169593274586,-0.005028051076713473,0.0035453636899908628,0.0042867073833521676,student_t,24,0.0,0.0,,,,,,
condition_comparison,INDEPENDENT_IRREGULAR_FORCING,network_20_80Hz,20.8,-0.0010578728922884563,0.013615302186672541,0.002779211920928981,-0.006807110783485536,0.004691364998908623,0.00574923789119708,student_t,24,0.0,0.0,,,,,,
condition_comparison,INDEPENDENT_IRREGULAR_FORCING,network_27_30Hz,27.3,0.0006257495605466642,0.006730759976688994,0.0013739106270029362,-0.0022164011140385666,0.003467900235131895,0.002842150674585231,student_t,24,0.0,0.0,,,,,,
condition_comparison,INDEPENDENT_IRREGULAR_FORCING,network_33_80Hz,33.8,0.0009017510117016875,0.009267582209444444,0.0018917372968695026,-0.003011605744380968,0.004815107767784343,0.0039133567560826555,student_t,24,0.0,0.0,,,,,,
condition_comparison,INDEPENDENT_IRREGULAR_FORCING,network_7_83Hz,7.83,0.00010565369356430622,0.008851291638755041,0.0018067623399594152,-0.0036319189712112664,0.0038432263583398785,0.0037375726647755725,student_t,24,0.0,0.0,,,,,,
condition_comparison,LOW_JITTER_MATCHED,network_10_00Hz,10.0,0.08604567035353126,0.032023604774769426,0.0065367909518950105,0.07252328800317527,0.09956805270388726,0.01352238235035599,student_t,24,0.000875,0.0,,,,,,
condition_comparison,LOW_JITTER_MATCHED,network_14_30Hz,14.3,0.058723262577802395,0.025564391352680994,0.00521830953324059,0.04792836684834197,0.06951815830726281,0.01079489572946042,student_t,24,0.0,0.0,,,,,,
condition_comparison,LOW_JITTER_MATCHED,network_20_80Hz,20.8,0.05793961642870806,0.036520840652526504,0.007454785381348549,0.04251821791554072,0.07336101494187541,0.015421398513167347,student_t,24,0.0,0.0,,,,,,
condition_comparison,LOW_JITTER_MATCHED,network_27_30Hz,27.3,0.03657992307266986,0.029707077951499194,0.006063931894188132,0.02403572421069478,0.04912412193464494,0.012544198861975078,student_t,24,0.002416666666666667,0.0,,,,,,
condition_comparison,LOW_JITTER_MATCHED,network_33_80Hz,33.8,0.028256440078237938,0.02219804643352815,0.00453115725406266,0.018883027140615738,0.03762985301586014,0.0093734129376222,student_t,24,0.0,0.0,,,,,,
condition_comparison,LOW_JITTER_MATCHED,network_7_83Hz,7.83,0.08834621969392,0.05964172856826457,0.012174316864151878,0.06316172646123924,0.11353071292660075,0.02518449323268075,student_t,24,0.0019375000000000002,0.0,,,,,,
condition_comparison,NEAR_DETUNED,network_10_00Hz,10.0,0.0017585162402067543,0.0043100178032113795,0.0008797787000149301,-6.144466306370801e-05,0.0035784771434772167,0.0018199609032704624,student_t,24,0.0,0.0,,,,,,
condition_comparison,NEAR_DETUNED,network_14_30Hz,14.3,0.0023836190788470942,0.004991583879243936,0.0010189027927041574,0.0002758580624424166,0.004491380095251771,0.0021077610164046776,student_t,24,0.0,0.0,,,,,,
condition_comparison,NEAR_DETUNED,network_20_80Hz,20.8,0.0038927766312418393,0.006426510861533848,0.0013118060364343204,0.0011790990905783346,0.006606454171905344,0.0027136775406635047,student_t,24,0.0,0.0,,,,,,
condition_comparison,NEAR_DETUNED,network_27_30Hz,27.3,0.0034693398133404402,0.004382856588379242,0.0008946468547770523,0.0016186217885684256,0.005320057838112455,0.0018507180247720146,student_t,24,0.0,0.0,,,,,,
condition_comparison,NEAR_DETUNED,network_33_80Hz,33.8,0.0029442104689798732,0.005904443235585985,0.0012052394285344493,0.00045098275276497964,0.005437438185194767,0.0024932277162148936,student_t,24,0.0,0.0,,,,,,
condition_comparison,NEAR_DETUNED,network_7_83Hz,7.83,0.004022841139160172,0.007786180295452888,0.001589347397431029,0.000735025549864766,0.007310656728455578,0.0032878155892954062,student_t,24,0.0,0.0,,,,,,
condition_comparison,SHARED_IRREGULAR_FORCING,network_10_00Hz,10.0,0.0001338175262404831,0.015324439714229589,0.0031280881578253797,-0.006337125847506691,0.006604760899987657,0.006470943373747174,student_t,24,0.0,0.0,,,,,,
condition_comparison,SHARED_IRREGULAR_FORCING,network_14_30Hz,14.3,0.004768827880995569,0.01323351433574669,0.0027012798021988052,-0.0008191951396942518,0.01035685090168539,0.005588023020689821,student_t,24,0.0,0.0,,,,,,
condition_comparison,SHARED_IRREGULAR_FORCING,network_20_80Hz,20.8,0.004864801910179143,0.01750876441447735,0.0035739615701724493,-0.0025285008913033067,0.012258104711661593,0.00739330280148245,student_t,24,0.0,0.0,,,,,,
condition_comparison,SHARED_IRREGULAR_FORCING,network_27_30Hz,27.3,0.003572734752020794,0.0138834256789832,0.0028339423996134945,-0.002289721760428882,0.009435191264470469,0.005862456512449676,student_t,24,0.0,0.0,,,,,,
condition_comparison,SHARED_IRREGULAR_FORCING,network_33_80Hz,33.8,0.0031828312170217965,0.008590803150344679,0.001753590349919892,-0.0004447468058973907,0.006810409239940984,0.003627578022919187,student_t,24,0.0,0.0,,,,,,
condition_comparison,SHARED_IRREGULAR_FORCING,network_7_83Hz,7.83,0.0052301045957729225,0.016270259965970944,0.0033211529082551343,-0.0016402236432544173,0.012100432834800261,0.00687032823902734,student_t,24,0.0,0.0,,,,,,
coupling_forcing_factorial,,network_10_00Hz,10.0,0.11356259543197156,0.05740784081637883,0.011718326436254119,0.08932139026823975,0.13780380059570338,0.02424120516373181,student_t,24,,,1.0,1.0,,,,
coupling_forcing_factorial,,network_14_30Hz,14.3,0.11752323330739238,0.06503012638551257,0.013274218962767231,0.09006341922769509,0.14498304738708967,0.027459814079697283,student_t,24,,,1.0,1.0,,,,
coupling_forcing_factorial,,network_20_80Hz,20.8,0.11768573421036162,0.07055883608505363,0.014402762104421539,0.08789135077199493,0.14748011764872831,0.029794383438366687,student_t,24,,,1.0,1.0,,,,
coupling_forcing_factorial,,network_27_30Hz,27.3,0.1193330560230091,0.06202607209005706,0.012661018947477062,0.09314174282165091,0.1455243692243673,0.026191313201358195,student_t,24,,,1.0,1.0,,,,
coupling_forcing_factorial,,network_33_80Hz,33.8,0.10674862559444113,0.06843886058839581,0.01397002391825362,0.07784942929820965,0.13564782189067262,0.02889919629623149,student_t,24,,,1.0,1.0,,,,
coupling_forcing_factorial,,network_7_83Hz,7.83,0.09068877990712927,0.07012117398995499,0.014313424703359112,0.06107920496336543,0.12029835485089312,0.02960957494376384,student_t,24,,,1.0,1.0,,,,
coupling_forcing_factorial,,network_10_00Hz,10.0,0.1294987669196973,0.06192869011697266,0.01264114093546021,0.10334857451917777,0.15564895932021683,0.026150192400519533,student_t,24,,,1.0,1.09,,,,
coupling_forcing_factorial,,network_14_30Hz,14.3,0.13291333383510193,0.07057081666828337,0.014405207630732688,0.1031138914401202,0.16271277623008365,0.029799442394981727,student_t,24,,,1.0,1.09,,,,
coupling_forcing_factorial,,network_20_80Hz,20.8,0.12927706699656857,0.07280439677724504,0.014861135261281534,0.09853446643885165,0.16001966755428548,0.030742600557716923,student_t,24,,,1.0,1.09,,,,
coupling_forcing_factorial,,network_27_30Hz,27.3,0.1350359767768857,0.06701754567772046,0.013679899227006615,0.1067369491311728,0.1633350044225986,0.028299027645712894,student_t,24,,,1.0,1.09,,,,
coupling_forcing_factorial,,network_33_80Hz,33.8,0.12414763399457567,0.07212874615446523,0.014723218655431183,0.09369033567315424,0.1546049323159971,0.03045729832142143,student_t,24,,,1.0,1.09,,,,
coupling_forcing_factorial,,network_7_83Hz,7.83,0.10865861442760967,0.07250313002998726,0.014799639444010736,0.07804322766029892,0.13927400119492042,0.030615386767310748,student_t,24,,,1.0,1.09,,,,
coupling_forcing_factorial,,network_10_00Hz,10.0,0.14606905659742014,0.06769492443013843,0.013818168585842207,0.11748399699026424,0.17465411620457605,0.028585059607155905,student_t,24,,,1.0,1.18,,,,
coupling_forcing_factorial,,network_14_30Hz,14.3,0.14989906394584251,0.07305795783818828,0.014912893196110675,0.11904939394234172,0.18074873394934332,0.030849670003500796,student_t,24,,,1.0,1.18,,,,
coupling_forcing_factorial,,network_20_80Hz,20.8,0.14600202639146334,0.07754366334095056,0.015828533997624197,0.1132582090755014,0.1787458437074253,0.032743817315961946,student_t,24,,,1.0,1.18,,,,
coupling_forcing_factorial,,network_27_30Hz,27.3,0.14730055493791683,0.06545986959182618,0.013361939927425225,0.11965927621708648,0.17494183365874716,0.02764127872083034,student_t,24,,,1.0,1.18,,,,
coupling_forcing_factorial,,network_33_80Hz,33.8,0.13577968762163564,0.07521915482048817,0.015354045682800471,0.10401742416918872,0.16754195107408257,0.03176226345244693,student_t,24,,,1.0,1.18,,,,
coupling_forcing_factorial,,network_7_83Hz,7.83,0.12571076360124323,0.0761273548178775,0.015539431230967208,0.09356500092371947,0.15785652627876698,0.03214576267752376,student_t,24,,,1.0,1.18,,,,
coupling_forcing_factorial,,network_10_00Hz,10.0,0.12995621538737112,0.06768123171064411,0.013815373571179528,0.1013769377085684,0.15853549306617384,0.02857927767880272,student_t,24,,,1.07,1.0,,,,
coupling_forcing_factorial,,network_14_30Hz,14.3,0.13039927997949338,0.07387645329824569,0.01507996788227111,0.09920398965495843,0.16159457030402835,0.031195290324534955,student_t,24,,,1.07,1.0,,,,
coupling_forcing_factorial,,network_20_80Hz,20.8,0.12696750580973395,0.07234541397481122,0.014767445789058573,0.0964187166917472,0.1575162949277207,0.03054878911798675,student_t,24,,,1.07,1.0,,,,
coupling_forcing_factorial,,network_27_30Hz,27.3,0.12738585708546582,0.06685824364471188,0.01364738183568503,0.0991540967887813,0.15561761738215035,0.028231760296684522,student_t,24,,,1.07,1.0,,,,
coupling_forcing_factorial,,network_33_80Hz,33.8,0.11506941074677213,0.07272459115173467,0.01484484500618953,0.08436050914922695,0.14577831234431732,0.03070890159754518,student_t,24,,,1.07,1.0,,,,
coupling_forcing_factorial,,network_7_83Hz,7.83,0.1050651444922317,0.0778813783772077,0.015897469790732154,0.07217872262322671,0.13795156636123668,0.03288642186900499,student_t,24,,,1.07,1.0,,,,
coupling_forcing_factorial,,network_10_00Hz,10.0,0.14843319894453855,0.07289382122731067,0.014879388950714017,0.1176528377532589,0.17921356013581818,0.03078036119127965,student_t,24,,,1.07,1.09,,,,
coupling_forcing_factorial,,network_14_30Hz,14.3,0.1472752098949827,0.07682979719789201,0.015682816681362354,0.11483283181427564,0.17971758797568974,0.03244237808070704,student_t,24,,,1.07,1.09,,,,
coupling_forcing_factorial,,network_20_80Hz,20.8,0.14238523186668087,0.07832958255283134,0.015988959084970715,0.10930954997287741,0.17546091376048434,0.03307568189380346,student_t,24,,,1.07,1.09,,,,
coupling_forcing_factorial,,network_27_30Hz,27.3,0.14317206302088362,0.06691478849550585,0.013658924005020617,0.11491642592776229,0.17142770011400493,0.02825563709312133,student_t,24,,,1.07,1.09,,,,
coupling_forcing_factorial,,network_33_80Hz,33.8,0.1301526751861568,0.07662793840881857,0.015641612428585184,0.09779553459653889,0.16250981577577472,0.032357140589617917,student_t,24,,,1.07,1.09,,,,
coupling_forcing_factorial,,network_7_83Hz,7.83,0.12290523502000432,0.08231266689071676,0.01680200277082827,0.08814764411784848,0.15766282592216016,0.03475759090215584,student_t,24,,,1.07,1.09,,,,
coupling_forcing_factorial,,network_10_00Hz,10.0,0.16476621243255138,0.08072196035257945,0.016477301158416145,0.13068031799202723,0.19885210687307553,0.034085894440524164,student_t,24,,,1.07,1.18,,,,
coupling_forcing_factorial,,network_14_30Hz,14.3,0.1594317063943809,0.07815941744310781,0.015954224277400102,0.12642787892460483,0.19243553386415696,0.03300382746977607,student_t,24,,,1.07,1.18,,,,
coupling_forcing_factorial,,network_20_80Hz,20.8,0.16077769993401037,0.07708616595809006,0.015735147735401953,0.12822706682010304,0.1933283330479177,0.03255063311390731,student_t,24,,,1.07,1.18,,,,
coupling_forcing_factorial,,network_27_30Hz,27.3,0.16260314054423256,0.06038704497176827,0.012326453937944407,0.137103927796024,0.1881023532924411,0.02549921274820855,student_t,24,,,1.07,1.18,,,,
coupling_forcing_factorial,,network_33_80Hz,33.8,0.14748055976553395,0.07669129554751343,0.015654545150365615,0.11509666580258152,0.1798644537284864,0.03238389396295244,student_t,24,,,1.07,1.18,,,,
coupling_forcing_factorial,,network_7_83Hz,7.83,0.13876030898806987,0.08714114220293812,0.017787611166708937,0.10196383177688259,0.17555678619925716,0.03679647721118729,student_t,24,,,1.07,1.18,,,,
coupling_forcing_factorial,,network_10_00Hz,10.0,0.1461173224472506,0.08034462374509108,0.016400277645947866,0.11219076328197514,0.18004388161252605,0.033926559165275455,student_t,24,,,1.14,1.0,,,,
coupling_forcing_factorial,,network_14_30Hz,14.3,0.14277957484052303,0.07889091711888752,0.01610354102345607,0.10946686214765528,0.1760922875333908,0.03331271269286775,student_t,24,,,1.14,1.0,,,,
coupling_forcing_factorial,,network_20_80Hz,20.8,0.14550895957006663,0.08271512588025831,0.016884154368059345,0.11058142514109064,0.1804364939990426,0.03492753442897599,student_t,24,,,1.14,1.0,,,,
coupling_forcing_factorial,,network_27_30Hz,27.3,0.14008321979982843,0.06452620637316149,0.013171356720980801,0.11283619247942742,0.16733024712022945,0.027247027320401022,student_t,24,,,1.14,1.0,,,,
coupling_forcing_factorial,,network_33_80Hz,33.8,0.12360291382528714,0.06975752093579475,0.014239194334517672,0.09414689609895135,0.15305893155162292,0.029456017726335784,student_t,24,,,1.14,1.0,,,,
coupling_forcing_factorial,,network_7_83Hz,7.83,0.11508991476990164,0.08427750387210825,0.017203073440174896,0.07950264597528604,0.15067718356451726,0.0355872687946156,student_t,24,,,1.14,1.0,,,,
coupling_forcing_factorial,,network_10_00Hz,10.0,0.163300111095981,0.08565443840872974,0.017484139025503085,0.12713141383924936,0.19946880835271263,0.03616869725673164,student_t,24,,,1.14,1.09,,,,
coupling_forcing_factorial,,network_14_30Hz,14.3,0.15782934730342324,0.08244796340436615,0.016829620056029813,0.1230146256940561,0.19264406891279037,0.034814721609367126,student_t,24,,,1.14,1.09,,,,
coupling_forcing_factorial,,network_20_80Hz,20.8,0.16256612201286794,0.08438929346721878,0.017225892395722656,0.12693164861219663,0.19820059541353924,0.03563447340067129,student_t,24,,,1.14,1.09,,,,
coupling_forcing_factorial,,network_27_30Hz,27.3,0.15637019572723518,0.06090953532042755,0.012433106833756417,0.1306503546544319,0.18209003680003846,0.025719841072803295,student_t,24,,,1.14,1.09,,,,
coupling_forcing_factorial,,network_33_80Hz,33.8,0.14171176498886132,0.07386582543828692,0.01507779847944138,0.11052096241600015,0.17290256756172248,0.031190802572861172,student_t,24,,,1.14,1.09,,,,
coupling_forcing_factorial,,network_7_83Hz,7.83,0.13282306131055738,0.09011167958282543,0.018393969570257938,0.0947722361732269,0.17087388644788787,0.03805082513733048,student_t,24,,,1.14,1.09,,,,
coupling_forcing_factorial,,network_10_00Hz,10.0,0.17908605548165132,0.08442404960381943,0.017232986962397827,0.14343690585163482,0.21473520511166783,0.03564914963001651,student_t,24,,,1.14,1.18,,,,
coupling_forcing_factorial,,network_14_30Hz,14.3,0.17434465305682387,0.08751296208132725,0.017863508581565362,0.1373911700807827,0.21129813603286504,0.03695348297604117,student_t,24,,,1.14,1.18,,,,
coupling_forcing_factorial,,network_20_80Hz,20.8,0.1770456997903276,0.08793446610938808,0.017949547731005093,0.13991423127300395,0.21417716830765127,0.03713146851732365,student_t,24,,,1.14,1.18,,,,
coupling_forcing_factorial,,network_27_30Hz,27.3,0.17207257788781347,0.06601823519905928,0.01347591582972859,0.14419552204927888,0.19994963372634805,0.027877055838534573,student_t,24,,,1.14,1.18,,,,
coupling_forcing_factorial,,network_33_80Hz,33.8,0.15795230774403737,0.07596492785964824,0.01550627596695604,0.12587513195573577,0.19002948353233898,0.032077175788301604,student_t,24,,,1.14,1.18,,,,
coupling_forcing_factorial,,network_7_83Hz,7.83,0.15137503574517974,0.09629903723948204,0.019656958663167214,0.11071151860892624,0.19203855288143323,0.040663517136253505,student_t,24,,,1.14,1.18,,,,
coupling_strength_scan,,network_10_00Hz,10.0,0.05730961740119315,0.02409772397287296,0.0049189273079977185,0.047134040990405586,0.06748519381198072,0.010175576410787564,student_t,24,,,,,0.35,,,
coupling_strength_scan,,network_14_30Hz,14.3,0.055420430301379324,0.028843600445700827,0.00588767528639004,0.043240846012512414,0.06760001459024623,0.012179584288866908,student_t,24,,,,,0.35,,,
coupling_strength_scan,,network_20_80Hz,20.8,0.06404252929155002,0.04206235081676402,0.008585941406917593,0.046281156257517914,0.08180390232558213,0.01776137303403211,student_t,24,,,,,0.35,,,
coupling_strength_scan,,network_27_30Hz,27.3,0.06367583161684433,0.03171869292479643,0.006474551081148185,0.05028220224878026,0.0770694609849084,0.013393629368064071,student_t,24,,,,,0.35,,,
coupling_strength_scan,,network_33_80Hz,33.8,0.06314350355348498,0.03273566147196074,0.0066821389165658595,0.04932044602985372,0.07696656107711625,0.013823057523631261,student_t,24,,,,,0.35,,,
coupling_strength_scan,,network_7_83Hz,7.83,0.05012912209704253,0.03705337710413713,0.007563488929338414,0.0344828531620464,0.06577539103203867,0.01564626893499613,student_t,24,,,,,0.35,,,
coupling_strength_scan,,network_10_00Hz,10.0,0.07106593726980824,0.030100773165186112,0.006144294593163877,0.05835549549900317,0.0837763790406133,0.012710441770805067,student_t,24,,,,,0.5,,,
coupling_strength_scan,,network_14_30Hz,14.3,0.06951355486164407,0.03701165897254863,0.007554973251387238,0.05388490194864951,0.08514220777463863,0.015628652912994555,student_t,24,,,,,0.5,,,
coupling_strength_scan,,network_20_80Hz,20.8,0.0838645857014833,0.05485646289087355,0.011197528598046735,0.06070073294924898,0.10702843845371761,0.02316385275223432,student_t,24,,,,,0.5,,,
coupling_strength_scan,,network_27_30Hz,27.3,0.08014749643737251,0.04574145412023369,0.009336935223958315,0.06083257432834146,0.09946241854640356,0.019314922109031053,student_t,24,,,,,0.5,,,
coupling_strength_scan,,network_33_80Hz,33.8,0.0809245522531385,0.048599687144239144,0.009920369596857107,0.06040270418843029,0.1014464003178467,0.020521848064708203,student_t,24,,,,,0.5,,,
coupling_strength_scan,,network_7_83Hz,7.83,0.06461357189095664,0.05056339270399492,0.010321209315729446,0.04326252369124493,0.08596462009066834,0.0213510481997117,student_t,24,,,,,0.5,,,
coupling_strength_scan,,network_10_00Hz,10.0,0.0951155582642217,0.04540846144430761,0.009268963378616409,0.07594124663035141,0.11428986989809199,0.019174311633870292,student_t,24,,,,,0.65,,,
coupling_strength_scan,,network_14_30Hz,14.3,0.09877595238277039,0.05056091925967287,0.010320704426021428,0.0774259486269956,0.12012595613854517,0.021350003755774786,student_t,24,,,,,0.65,,,
coupling_strength_scan,,network_20_80Hz,20.8,0.10506399552337442,0.06865528079637671,0.01401420050821864,0.07607341298810943,0.1340545780586394,0.02899058253526499,student_t,24,,,,,0.65,,,
coupling_strength_scan,,network_27_30Hz,27.3,0.10500165563248781,0.05598348347335488,0.011427580711104529,0.08136190382578351,0.1286414074391921,0.023639751806704308,student_t,24,,,,,0.65,,,
coupling_strength_scan,,network_33_80Hz,33.8,0.09487074904683158,0.06392597640360512,0.013048835291502518,0.06787717661396023,0.12186432147970294,0.02699357243287135,student_t,24,,,,,0.65,,,
coupling_strength_scan,,network_7_83Hz,7.83,0.07861194794212963,0.06102039995510343,0.012455736982546081,0.05284529283980768,0.10437860304445157,0.02576665510232195,student_t,24,,,,,0.65,,,
coupling_strength_scan,,network_10_00Hz,10.0,0.1384166504483664,0.07655880139626728,0.015627499894994266,0.10608870385876362,0.17074459703796918,0.03232794658960277,student_t,24,,,,,0.8,,,
coupling_strength_scan,,network_14_30Hz,14.3,0.13900928646721383,0.08136715731000241,0.01660900143585635,0.1046509492454687,0.17336762368895897,0.034358337221745146,student_t,24,,,,,0.8,,,
coupling_strength_scan,,network_20_80Hz,20.8,0.1355902031457873,0.07977937848548568,0.016284897440484513,0.10190232612063532,0.16927808017093926,0.033687877025151976,student_t,24,,,,,0.8,,,
coupling_strength_scan,,network_27_30Hz,27.3,0.13434645545021878,0.06787509044724428,0.01385494482008378,0.10568531840621649,0.16300759249422106,0.028661137044002288,student_t,24,,,,,0.8,,,
coupling_strength_scan,,network_33_80Hz,33.8,0.1223920377848315,0.07140763244589064,0.014576021936053367,0.09223923907717971,0.1525448364924833,0.030152798707651793,student_t,24,,,,,0.8,,,
coupling_strength_scan,,network_7_83Hz,7.83,0.10691598935866516,0.0811353242551342,0.01656167871169487,0.07265554665040241,0.1411764320669279,0.034260442708262735,student_t,24,,,,,0.8,,,
coupling_strength_scan,,network_10_00Hz,10.0,0.18798846399134952,0.10607745591352453,0.021652970016726097,0.1431958827780736,0.23278104520462545,0.044792581213275916,student_t,24,,,,,0.95,,,
coupling_strength_scan,,network_14_30Hz,14.3,0.1570453197987883,0.08704773181554025,0.017768543851225563,0.12028828633488595,0.19380235326269066,0.036757033463902355,student_t,24,,,,,0.95,,,
coupling_strength_scan,,network_20_80Hz,20.8,0.17941166786550658,0.08858310756334709,0.018081951113356472,0.14200630208363652,0.21681703364737664,0.03740536578187006,student_t,24,,,,,0.95,,,
coupling_strength_scan,,network_27_30Hz,27.3,0.1590009778924972,0.07686266258526647,0.015689525300467883,0.12654472197582212,0.1914572338091723,0.03245625591667509,student_t,24,,,,,0.95,,,
coupling_strength_scan,,network_33_80Hz,33.8,0.14135963411609606,0.07982545223865088,0.016294302205966987,0.10765230185125457,0.17506696638093755,0.033707332264841496,student_t,24,,,,,0.95,,,
coupling_strength_scan,,network_7_83Hz,7.83,0.14656853330996503,0.10425471785018015,0.021280905167564215,0.10254562687847726,0.1905914397414528,0.04402290643148777,student_t,24,,,,,0.95,,,
coupling_strength_scan,,network_10_00Hz,10.0,0.19031820730821225,0.0985473895516652,0.02011590165707184,0.14870529425486945,0.23193112036155505,0.04161291305334281,student_t,24,,,,,1.1,,,
coupling_strength_scan,,network_14_30Hz,14.3,0.15426487899100566,0.08352408080202367,0.017049281599995865,0.11899575285699676,0.18953400512501456,0.0352691261340089,student_t,24,,,,,1.1,,,
coupling_strength_scan,,network_20_80Hz,20.8,0.2136547105218325,0.08741687675080238,0.017843895245602644,0.1767418008224963,0.2505676202211687,0.03691290969933619,student_t,24,,,,,1.1,,,
coupling_strength_scan,,network_27_30Hz,27.3,0.17184457303172315,0.11508719983030812,0.023492076292498137,0.12324751062470198,0.22044163543874434,0.04859706240702118,student_t,24,,,,,1.1,,,
coupling_strength_scan,,network_33_80Hz,33.8,0.14794649345930955,0.1057391056849292,0.021583904565525044,0.10329678501727771,0.19259620190134139,0.04464970844203183,student_t,24,,,,,1.1,,,
coupling_strength_scan,,network_7_83Hz,7.83,0.16674316640368492,0.122219696919576,0.024947991164214187,0.11513431461716606,0.21835201819020378,0.05160885178651886,student_t,24,,,,,1.1,,,
coupling_strength_scan,,network_10_00Hz,10.0,0.13798711418761678,0.10729058135349853,0.021900598210219897,0.09268227502731559,0.18329195334791798,0.04530483916030119,student_t,24,,,,,1.25,,,
coupling_strength_scan,,network_14_30Hz,14.3,0.15557772765860095,0.10899411661630293,0.0222483308896123,0.10955354864468327,0.20160190667251865,0.046024179013917685,student_t,24,,,,,1.25,,,
coupling_strength_scan,,network_20_80Hz,20.8,0.19719362039513175,0.09550079660443281,0.019494018475848397,0.1568671707174184,0.2375200700728451,0.04032644967771333,student_t,24,,,,,1.25,,,
coupling_strength_scan,,network_27_30Hz,27.3,0.1484864618386503,0.09962762028475125,0.020336402832116292,0.10641740735144545,0.19055551632585516,0.04206905448720486,student_t,24,,,,,1.25,,,
coupling_strength_scan,,network_33_80Hz,33.8,0.14726225413748176,0.09046512560542257,0.018466116437506203,0.10906218183415026,0.18546232644081326,0.03820007230333149,student_t,24,,,,,1.25,,,
coupling_strength_scan,,network_7_83Hz,7.83,0.15811622076930268,0.09319000405821007,0.01902232992254236,0.11876553320713343,0.19746690833147193,0.039350687562169244,student_t,24,,,,,1.25,,,
coupling_strength_scan,,network_10_00Hz,10.0,0.09726576150826548,0.08047750046376784,0.016427400992568984,0.06328309342558222,0.13124842959094873,0.033982668082683264,student_t,24,,,,,1.4,,,
coupling_strength_scan,,network_14_30Hz,14.3,0.12686598284970138,0.11459052139142614,0.023390692230706226,0.07847864935368123,0.17525331634572153,0.048387333496020146,student_t,24,,,,,1.4,,,
coupling_strength_scan,,network_20_80Hz,20.8,0.11740962804393829,0.08871706047758193,0.018109294137475987,0.07994769890713152,0.15487155718074505,0.03746192913680676,student_t,24,,,,,1.4,,,
coupling_strength_scan,,network_27_30Hz,27.3,0.09213008275462652,0.057145597377968316,0.01166479621854589,0.06799961328314422,0.11626055222610882,0.024130469471482296,student_t,24,,,,,1.4,,,
coupling_strength_scan,,network_33_80Hz,33.8,0.11023445677084269,0.0876185688979657,0.017885065482742348,0.0732363799471247,0.14723253359456068,0.036998076823717994,student_t,24,,,,,1.4,,,
coupling_strength_scan,,network_7_83Hz,7.83,0.11830012568862015,0.09951668912093102,0.020313759103121904,0.0762779133237278,0.1603223380535125,0.042022212364892356,student_t,24,,,,,1.4,,,
coupling_strength_scan,,network_10_00Hz,10.0,0.06184607228472405,0.06809673903323216,0.01390018864824042,0.033091341251281034,0.09060080331816707,0.028754731033443014,student_t,24,,,,,1.55,,,
coupling_strength_scan,,network_14_30Hz,14.3,0.06031258979228143,0.040811224999182286,0.008330556418826119,0.04307952085745152,0.07754565872711133,0.017233068934829905,student_t,24,,,,,1.55,,,
coupling_strength_scan,,network_20_80Hz,20.8,0.06419032836517748,0.04227585147337088,0.008629522045953924,0.04633880191053594,0.08204185481981902,0.017851526454641543,student_t,24,,,,,1.55,,,
coupling_strength_scan,,network_27_30Hz,27.3,0.045762408370568504,0.04982469411948021,0.010170423098581344,0.024723285226506523,0.06680153151463049,0.02103912314406198,student_t,24,,,,,1.55,,,
coupling_strength_scan,,network_33_80Hz,33.8,0.062173705415138204,0.05777868611878527,0.01179402491662111,0.03777590601389806,0.08657150481637835,0.024397799401240147,student_t,24,,,,,1.55,,,
coupling_strength_scan,,network_7_83Hz,7.83,0.058451838987634556,0.05342529560046194,0.010905392798207566,0.03589231518101339,0.08101136279425572,0.022559523806621164,student_t,24,,,,,1.55,,,
jitter_scan,,network_10_00Hz,10.0,0.11356259543197182,0.05740784081637878,0.011718326436254109,0.08932139026824003,0.1378038005957036,0.02424120516373179,student_t,24,,,,,,0.0,,
jitter_scan,,network_14_30Hz,14.3,0.11752323330733794,0.06503012638554863,0.01327421896277459,0.09006341922762542,0.14498304738705045,0.027459814079712506,student_t,24,,,,,,0.0,,
jitter_scan,,network_20_80Hz,20.8,0.11768573421035712,0.07055883608485,0.014402762104379973,0.08789135077207641,0.14748011764863783,0.029794383438280704,student_t,24,,,,,,0.0,,
jitter_scan,,network_27_30Hz,27.3,0.11933305602310618,0.062026072090181406,0.012661018947502444,0.09314174282169548,0.1455243692245169,0.026191313201410705,student_t,24,,,,,,0.0,,
jitter_scan,,network_33_80Hz,33.8,0.10674862559546212,0.06843886058722491,0.013970023918014612,0.07784942929972506,0.13564782189119917,0.028899196295737062,student_t,24,,,,,,0.0,,
jitter_scan,,network_7_83Hz,7.83,0.0906887799070732,0.07012117398996229,0.0143134247033606,0.06107920496330629,0.12029835485084012,0.02960957494376692,student_t,24,,,,,,0.0,,
jitter_scan,,network_10_00Hz,10.0,0.10360911917215132,0.046894637375478804,0.009572327770230999,0.08380725048083737,0.12341098786346527,0.019801868691313958,student_t,24,,,,,,0.05,,
jitter_scan,,network_14_30Hz,14.3,0.0922753407909201,0.042260272792114716,0.008626342060958669,0.07443039263644001,0.1101202889454002,0.01784494815448009,student_t,24,,,,,,0.05,,
jitter_scan,,network_20_80Hz,20.8,0.08843175989876144,0.05153253020147965,0.01051903367901573,0.06667148082441127,0.11019203897311161,0.021760279074350172,student_t,24,,,,,,0.05,,
jitter_scan,,network_27_30Hz,27.3,0.07335817524193373,0.036082214218495,0.007365251135425738,0.05812199242798774,0.08859435805587973,0.015236182813945991,student_t,24,,,,,,0.05,,
jitter_scan,,network_33_80Hz,33.8,0.05782911210998929,0.030370482811420737,0.006199348844162326,0.045004781943870364,0.07065344227610822,0.01282433016611893,student_t,24,,,,,,0.05,,
jitter_scan,,network_7_83Hz,7.83,0.09145444766624418,0.06698562152154408,0.013673382735914862,0.06316890040942147,0.11973999492306689,0.02828554725682271,student_t,24,,,,,,0.05,,
jitter_scan,,network_10_00Hz,10.0,0.08604567035353126,0.032023604774769426,0.0065367909518950105,0.07252328800317527,0.09956805270388726,0.01352238235035599,student_t,24,,,,,,0.1,,
jitter_scan,,network_14_30Hz,14.3,0.058723262577802395,0.025564391352680994,0.00521830953324059,0.04792836684834197,0.06951815830726281,0.01079489572946042,student_t,24,,,,,,0.1,,
jitter_scan,,network_20_80Hz,20.8,0.05793961642870806,0.036520840652526504,0.007454785381348549,0.04251821791554072,0.07336101494187541,0.015421398513167347,student_t,24,,,,,,0.1,,
jitter_scan,,network_27_30Hz,27.3,0.03657992307266986,0.029707077951499194,0.006063931894188132,0.02403572421069478,0.04912412193464494,0.012544198861975078,student_t,24,,,,,,0.1,,
jitter_scan,,network_33_80Hz,33.8,0.028256440078237938,0.02219804643352815,0.00453115725406266,0.018883027140615738,0.03762985301586014,0.0093734129376222,student_t,24,,,,,,0.1,,
jitter_scan,,network_7_83Hz,7.83,0.08834621969392,0.05964172856826457,0.012174316864151878,0.06316172646123924,0.11353071292660075,0.02518449323268075,student_t,24,,,,,,0.1,,
jitter_scan,,network_10_00Hz,10.0,0.048925514886529575,0.027788087161084628,0.0056722195393868104,0.03719163476840942,0.06065939500464973,0.011733880118120156,student_t,24,,,,,,0.2,,
jitter_scan,,network_14_30Hz,14.3,0.025601497756653945,0.02195919500288506,0.004482401909945215,0.016328942932688897,0.03487405258061899,0.009272554823965048,student_t,24,,,,,,0.2,,
jitter_scan,,network_20_80Hz,20.8,0.023259263887437764,0.02158085630443043,0.004405173846515002,0.014146467484625551,0.03237206029024998,0.009112796402812214,student_t,24,,,,,,0.2,,
jitter_scan,,network_27_30Hz,27.3,0.023606123874499018,0.021754233996310775,0.004440564419672363,0.014420116493187739,0.0327921312558103,0.009186007381311279,student_t,24,,,,,,0.2,,
jitter_scan,,network_33_80Hz,33.8,0.019118483249697876,0.01917617062761431,0.003914319438183443,0.01102109655428848,0.02721586994510727,0.008097386695409395,student_t,24,,,,,,0.2,,
jitter_scan,,network_7_83Hz,7.83,0.05553763481677079,0.03388812685135737,0.006917384927044591,0.041227933843241985,0.0698473357902996,0.014309700973528808,student_t,24,,,,,,0.2,,
jitter_scan,,network_10_00Hz,10.0,0.02496819271657817,0.01495401744941917,0.003052476029646077,0.01865366494722909,0.03128272048592725,0.006314527769349079,student_t,24,,,,,,0.35,,
jitter_scan,,network_14_30Hz,14.3,0.01466547084936723,0.018651319674513406,0.0038071846860075562,0.006789709274386843,0.022541232424347614,0.007875761574980386,student_t,24,,,,,,0.35,,
jitter_scan,,network_20_80Hz,20.8,0.01710390999220942,0.022961790362600123,0.004687055830760553,0.007407996277447624,0.026799823706971215,0.009695913714761795,student_t,24,,,,,,0.35,,
jitter_scan,,network_27_30Hz,27.3,0.013692668028649754,0.018672406527147863,0.0038114890217771963,0.0058080022567217025,0.021577333800577806,0.007884665771928052,student_t,24,,,,,,0.35,,
jitter_scan,,network_33_80Hz,33.8,0.00867131371717386,0.013770518709990957,0.0028108953610772244,0.0028565336363898606,0.01448609379795786,0.005814780080784,student_t,24,,,,,,0.35,,
jitter_scan,,network_7_83Hz,7.83,0.04500258568011648,0.024048203864692645,0.004908819058243618,0.034847919777110756,0.05515725158312221,0.010154665903005728,student_t,24,,,,,,0.35,,
jitter_scan,,network_10_00Hz,10.0,0.019072250725057208,0.016554275041168846,0.003379127242712889,0.012081993437844853,0.026062508012269562,0.0069902572872123534,student_t,24,,,,,,0.5,,
jitter_scan,,network_14_30Hz,14.3,0.013501274929288473,0.017352554402279823,0.0035420753349559592,0.006173933830954228,0.020828616027622718,0.0073273410983342455,student_t,24,,,,,,0.5,,
jitter_scan,,network_20_80Hz,20.8,0.00829397621999166,0.015913400723746602,0.0032483093204679755,0.0015743364232104545,0.015013616016772865,0.006719639796781206,student_t,24,,,,,,0.5,,
jitter_scan,,network_27_30Hz,27.3,0.00545017964511882,0.015461754982884155,0.003156117519666786,-0.001078746881316769,0.01197910617155441,0.006528926526435589,student_t,24,,,,,,0.5,,
jitter_scan,,network_33_80Hz,33.8,0.005191921001295582,0.019124240147884067,0.003903719173397023,-0.0028835373756909265,0.01326737937828209,0.008075458376986509,student_t,24,,,,,,0.5,,
jitter_scan,,network_7_83Hz,7.83,0.024177622672080522,0.02274676106109101,0.004643163158390187,0.014572507868059316,0.03378273747610173,0.009605114804021207,student_t,24,,,,,,0.5,,
jitter_scan,,network_10_00Hz,10.0,0.007758453903765185,0.019528151698292636,0.003986167273373476,-0.00048756136270220515,0.016004469170232575,0.00824601526646739,student_t,24,,,,,,0.75,,
jitter_scan,,network_14_30Hz,14.3,0.006988010390469726,0.023239914090366878,0.0047438275989596605,-0.002825344674634098,0.01680136545557355,0.009813355065103824,student_t,24,,,,,,0.75,,
jitter_scan,,network_20_80Hz,20.8,0.006860812704122937,0.012454862575966641,0.0025423381773003635,0.0016015854853916479,0.012120039922854226,0.005259227218731289,student_t,24,,,,,,0.75,,
jitter_scan,,network_27_30Hz,27.3,0.009260477872400816,0.013347660202648663,0.002724579729711928,0.003624255279338762,0.01489670046546287,0.005636222593062054,student_t,24,,,,,,0.75,,
jitter_scan,,network_33_80Hz,33.8,0.0020699320996135674,0.012554817753161236,0.002562741442406716,-0.0032315024887573764,0.007371366687984511,0.005301434588370944,student_t,24,,,,,,0.75,,
jitter_scan,,network_7_83Hz,7.83,0.01455298204523896,0.022864950151277097,0.004667288405400161,0.004897960365387331,0.024208003725090587,0.009655021679851628,student_t,24,,,,,,0.75,,
forcing_strength_scan,,network_10_00Hz,10.0,0.0,0.0,0.0,0.0,0.0,0.0,student_t,24,,,,,,,0.0,
forcing_strength_scan,,network_14_30Hz,14.3,0.0,0.0,0.0,0.0,0.0,0.0,student_t,24,,,,,,,0.0,
forcing_strength_scan,,network_20_80Hz,20.8,0.0,0.0,0.0,0.0,0.0,0.0,student_t,24,,,,,,,0.0,
forcing_strength_scan,,network_27_30Hz,27.3,0.0,0.0,0.0,0.0,0.0,0.0,student_t,24,,,,,,,0.0,
forcing_strength_scan,,network_33_80Hz,33.8,0.0,0.0,0.0,0.0,0.0,0.0,student_t,24,,,,,,,0.0,
forcing_strength_scan,,network_7_83Hz,7.83,0.0,0.0,0.0,0.0,0.0,0.0,student_t,24,,,,,,,0.0,
forcing_strength_scan,,network_10_00Hz,10.0,0.004006061941125991,0.019569816183447997,0.003994672000792343,-0.004257546694440976,0.012269670576692959,0.008263608635566968,student_t,24,,,,,,,0.03,
forcing_strength_scan,,network_14_30Hz,14.3,0.003391231282749143,0.020122960376516667,0.0041075820863924915,-0.0051059496606876385,0.011888412226185925,0.008497180943436782,student_t,24,,,,,,,0.03,
forcing_strength_scan,,network_20_80Hz,20.8,0.012965455478239199,0.02454486795542912,0.005010200191232596,0.002601066722922917,0.023329844233555483,0.010364388755316282,student_t,24,,,,,,,0.03,
forcing_strength_scan,,network_27_30Hz,27.3,0.007342969521448248,0.02228829013043172,0.00454957817155567,-0.00206854998733677,0.016754489030233265,0.009411519508785018,student_t,24,,,,,,,0.03,
forcing_strength_scan,,network_33_80Hz,33.8,0.012739217474210501,0.031401953111458276,0.006409896837489613,-0.000520664400663378,0.02599909934908438,0.01325988187487388,student_t,24,,,,,,,0.03,
forcing_strength_scan,,network_7_83Hz,7.83,0.0049369343031281,0.020158498383918613,0.00411483625177666,-0.0035752530247378797,0.013449121630994081,0.00851218732786598,student_t,24,,,,,,,0.03,
forcing_strength_scan,,network_10_00Hz,10.0,0.026507760530260948,0.027110175604836684,0.005533841422424851,0.015060137356909607,0.03795538370361229,0.01144762317335134,student_t,24,,,,,,,0.06,
forcing_strength_scan,,network_14_30Hz,14.3,0.024743528677681665,0.038311527920487046,0.007820307889298697,0.008565989246663786,0.04092106810869954,0.01617753943101788,student_t,24,,,,,,,0.06,
forcing_strength_scan,,network_20_80Hz,20.8,0.04114428439574148,0.047815246592048714,0.00976024633965597,0.020953676525647492,0.06133489226583547,0.020190607870093986,student_t,24,,,,,,,0.06,
forcing_strength_scan,,network_27_30Hz,27.3,0.04264747607696173,0.03493555208250258,0.007131189707046465,0.027895486218138074,0.05739946593578539,0.014751989858823656,student_t,24,,,,,,,0.06,
forcing_strength_scan,,network_33_80Hz,33.8,0.03674831432846734,0.05602083885051017,0.011435205845536171,0.013092788729390549,0.06040383992754413,0.023655525599076792,student_t,24,,,,,,,0.06,
forcing_strength_scan,,network_7_83Hz,7.83,0.027449754923545084,0.045640567330145924,0.009316341794166455,0.008177433569777591,0.04672207627731258,0.019272321353767493,student_t,24,,,,,,,0.06,
forcing_strength_scan,,network_10_00Hz,10.0,0.06694720005624401,0.039169860483848754,0.007995514290119639,0.050407218570773765,0.08348718154171425,0.016539981485470246,student_t,24,,,,,,,0.09,
forcing_strength_scan,,network_14_30Hz,14.3,0.06656205299837377,0.052258119511907467,0.010667143976796235,0.04449538442933852,0.08862872156740902,0.022066668569035247,student_t,24,,,,,,,0.09,
forcing_strength_scan,,network_20_80Hz,20.8,0.07905122945873645,0.06353239031188915,0.01296849486695582,0.05222385385652793,0.10587860506094497,0.026827375602208523,student_t,24,,,,,,,0.09,
forcing_strength_scan,,network_27_30Hz,27.3,0.07715264956521752,0.052884663644605506,0.010795036762333303,0.05482141461206332,0.0994838845183717,0.022331234953154193,student_t,24,,,,,,,0.09,
forcing_strength_scan,,network_33_80Hz,33.8,0.07229131515178161,0.061659554845048634,0.012586203928126954,0.04625476860957566,0.09832786169398755,0.026036546542205947,student_t,24,,,,,,,0.09,
forcing_strength_scan,,network_7_83Hz,7.83,0.05697310243191628,0.05788232511696066,0.011815180138536356,0.032531540119861056,0.0814146647439715,0.024441562312055222,student_t,24,,,,,,,0.09,
forcing_strength_scan,,network_10_00Hz,10.0,0.11356259543197156,0.05740784081637883,0.011718326436254119,0.08932139026823975,0.13780380059570338,0.02424120516373181,student_t,24,,,,,,,0.12,
forcing_strength_scan,,network_14_30Hz,14.3,0.11752323330739238,0.06503012638551257,0.013274218962767231,0.09006341922769509,0.14498304738708967,0.027459814079697283,student_t,24,,,,,,,0.12,
forcing_strength_scan,,network_20_80Hz,20.8,0.11768573421036162,0.07055883608505363,0.014402762104421539,0.08789135077199493,0.14748011764872831,0.029794383438366687,student_t,24,,,,,,,0.12,
forcing_strength_scan,,network_27_30Hz,27.3,0.1193330560230091,0.06202607209005706,0.012661018947477062,0.09314174282165091,0.1455243692243673,0.026191313201358195,student_t,24,,,,,,,0.12,
forcing_strength_scan,,network_33_80Hz,33.8,0.10674862559444113,0.06843886058839581,0.01397002391825362,0.07784942929820965,0.13564782189067262,0.02889919629623149,student_t,24,,,,,,,0.12,
forcing_strength_scan,,network_7_83Hz,7.83,0.09068877990712927,0.07012117398995499,0.014313424703359112,0.06107920496336543,0.12029835485089312,0.02960957494376384,student_t,24,,,,,,,0.12,
forcing_strength_scan,,network_10_00Hz,10.0,0.20231884013524878,0.07647875172189637,0.015611159823637208,0.17002469555861358,0.234612984711884,0.0322941445766352,student_t,24,,,,,,,0.18,
forcing_strength_scan,,network_14_30Hz,14.3,0.19243807437278684,0.07900011910590425,0.016125831785713488,0.15907924972493326,0.22579689902064043,0.0333588246478536,student_t,24,,,,,,,0.18,
forcing_strength_scan,,network_20_80Hz,20.8,0.2025598060199071,0.076376550567809,0.015590298100417406,0.170308817205777,0.23481079483403722,0.032250988814130105,student_t,24,,,,,,,0.18,
forcing_strength_scan,,network_27_30Hz,27.3,0.19726939667692292,0.06624458261096809,0.013522118801709936,0.16929676270877517,0.22524203064507067,0.027972633968147764,student_t,24,,,,,,,0.18,
forcing_strength_scan,,network_33_80Hz,33.8,0.19399228694934237,0.0779824215416536,0.015918095140306204,0.16106319829397348,0.22692137560471126,0.0329290886553689,student_t,24,,,,,,,0.18,
forcing_strength_scan,,network_7_83Hz,7.83,0.18624720017423688,0.08660485577332751,0.017678142157665187,0.14967717686171297,0.22281722348676078,0.03657002331252391,student_t,24,,,,,,,0.18,
forcing_strength_scan,,network_10_00Hz,10.0,0.2828988991444373,0.07963601873421877,0.016255634253796492,0.24927155763313258,0.316526240655742,0.033627341511304684,student_t,24,,,,,,,0.24,
forcing_strength_scan,,network_14_30Hz,14.3,0.26552980704134804,0.08555109517999195,0.017463044177271472,0.22940474780295136,0.30165486627974475,0.036125059238396685,student_t,24,,,,,,,0.24,
forcing_strength_scan,,network_20_80Hz,20.8,0.2824109614889801,0.07929207147099249,0.016185426312685564,0.24892885616936639,0.3158930668085938,0.033482105319613716,student_t,24,,,,,,,0.24,
forcing_strength_scan,,network_27_30Hz,27.3,0.27171877974652636,0.06550555944126714,0.013371266328888137,0.24405820789433194,0.29937935159872076,0.027660571852194418,student_t,24,,,,,,,0.24,
forcing_strength_scan,,network_33_80Hz,33.8,0.2606832564771623,0.081075744021217,0.016549516947373805,0.22644797229521846,0.2949185406591061,0.03423528418194384,student_t,24,,,,,,,0.24,
forcing_strength_scan,,network_7_83Hz,7.83,0.2696054947586209,0.08743766512738829,0.017848138655204,0.23268380689771873,0.30652718261952305,0.036921687860902164,student_t,24,,,,,,,0.24,
frequency_dispersion_scan,CLEAN_MATCHED,network_10_00Hz,10.0,0.0738996149679061,0.03903379371661145,0.00796773977756285,0.057417089439212136,0.09038214049660007,0.01648252552869397,student_t,24,,,,,,,,0.3
frequency_dispersion_scan,CLEAN_MATCHED,network_14_30Hz,14.3,0.07651350943612649,0.03500192003876934,0.007144737009390207,0.0617334948472088,0.09129352402504418,0.014780014588917686,student_t,24,,,,,,,,0.3
frequency_dispersion_scan,CLEAN_MATCHED,network_20_80Hz,20.8,0.07475162648812693,0.042396896546117016,0.008654230267962765,0.056848987181986874,0.09265426579426699,0.017902639306140056,student_t,24,,,,,,,,0.3
frequency_dispersion_scan,CLEAN_MATCHED,network_27_30Hz,27.3,0.07858145034298754,0.03961346480800074,0.008086064643608351,0.06185415117964673,0.09530874950632834,0.016727299163340807,student_t,24,,,,,,,,0.3
frequency_dispersion_scan,CLEAN_MATCHED,network_33_80Hz,33.8,0.0929591739487544,0.05614823022565591,0.011461209501097715,0.0692498556897015,0.1166684922078073,0.023709318259052897,student_t,24,,,,,,,,0.3
frequency_dispersion_scan,CLEAN_MATCHED,network_7_83Hz,7.83,0.06452373594316974,0.025725553578061184,0.005251206634739997,0.05366078737433184,0.07538668451200763,0.010862948568837896,student_t,24,,,,,,,,0.3
frequency_dispersion_scan,FAR_DETUNED,network_10_00Hz,10.0,-0.0026148191220109057,0.013280317851125463,0.002710833529769347,-0.008222605533947398,0.002992967289925587,0.005607786411936493,student_t,24,,,,,,,,0.3
frequency_dispersion_scan,FAR_DETUNED,network_14_30Hz,14.3,-0.0006643340491560845,0.0048545818233932895,0.0009909373651586268,-0.0027142441710400777,0.0013855760727279087,0.002049910121883993,student_t,24,,,,,,,,0.3
frequency_dispersion_scan,FAR_DETUNED,network_20_80Hz,20.8,0.0012967896480406877,0.012351765961676838,0.0025212936690321513,-0.003918903688504038,0.006512482984585413,0.005215693336544726,student_t,24,,,,,,,,0.3
frequency_dispersion_scan,FAR_DETUNED,network_27_30Hz,27.3,-0.001068930626450799,0.004321672565286532,0.0008821577183614022,-0.0028938129041290173,0.0007559516512274194,0.0018248822776782184,student_t,24,,,,,,,,0.3
frequency_dispersion_scan,FAR_DETUNED,network_33_80Hz,33.8,0.0023595556235039236,0.006355706253410284,0.0012973531063226163,-0.00032422375329114973,0.005043335000298996,0.0026837793767950733,student_t,24,,,,,,,,0.3
frequency_dispersion_scan,FAR_DETUNED,network_7_83Hz,7.83,-0.0007090439196436593,0.003260830343094348,0.0006656142065304797,-0.0020859718135859727,0.0006678839742986539,0.0013769278939423132,student_t,24,,,,,,,,0.3
frequency_dispersion_scan,HIGH_JITTER_MATCHED,network_10_00Hz,10.0,-0.00015826902110075333,0.019942416646591708,0.0040707287518445745,-0.008579213033555667,0.00826267499135416,0.008420944012454913,student_t,24,,,,,,,,0.3
frequency_dispersion_scan,HIGH_JITTER_MATCHED,network_14_30Hz,14.3,-0.001993741001601009,0.018789014232408682,0.003835291469941018,-0.009927645889069756,0.005940163885867737,0.007933904887468746,student_t,24,,,,,,,,0.3
frequency_dispersion_scan,HIGH_JITTER_MATCHED,network_20_80Hz,20.8,0.007846698498601775,0.03388764263993442,0.006917286087801769,-0.006462798010375161,0.022156195007578712,0.014309496508976937,student_t,24,,,,,,,,0.3
frequency_dispersion_scan,HIGH_JITTER_MATCHED,network_27_30Hz,27.3,-0.004752369855981112,0.0198835400412206,0.0040587106150990395,-0.013148452458394317,0.0036437127464320936,0.008396082602413205,student_t,24,,,,,,,,0.3
frequency_dispersion_scan,HIGH_JITTER_MATCHED,network_33_80Hz,33.8,0.010661485086809688,0.027704453336926945,0.005655147856518146,-0.0010370795646215437,0.02236004973824092,0.011698564651431232,student_t,24,,,,,,,,0.3
frequency_dispersion_scan,HIGH_JITTER_MATCHED,network_7_83Hz,7.83,0.0065977485681079084,0.02009784527870126,0.004102455488518506,-0.0018888271996212944,0.015084324335837111,0.008486575767729203,student_t,24,,,,,,,,0.3
frequency_dispersion_scan,INDEPENDENT_IRREGULAR_FORCING,network_10_00Hz,10.0,-0.0014300107668932804,0.01482350791056675,0.0030258358815832133,-0.007689429191209426,0.004829407657422865,0.006259418424316146,student_t,24,,,,,,,,0.3
frequency_dispersion_scan,INDEPENDENT_IRREGULAR_FORCING,network_14_30Hz,14.3,-0.0032243370948274682,0.00656638971758588,0.001340358688361962,-0.005997080296198735,-0.0004515938934562015,0.0027727432013712667,student_t,24,,,,,,,,0.3
frequency_dispersion_scan,INDEPENDENT_IRREGULAR_FORCING,network_20_80Hz,20.8,0.0024286145454096575,0.018937248277149318,0.003865549617617972,-0.005567884089528205,0.01042511318034752,0.007996498634937862,student_t,24,,,,,,,,0.3
frequency_dispersion_scan,INDEPENDENT_IRREGULAR_FORCING,network_27_30Hz,27.3,-0.0005251594023951145,0.006059680428587963,0.0012369270878641826,-0.003083938036238827,0.002033619231448598,0.0025587786338437126,student_t,24,,,,,,,,0.3
frequency_dispersion_scan,INDEPENDENT_IRREGULAR_FORCING,network_33_80Hz,33.8,-0.0004130982972098222,0.008233119955491868,0.0016805785735067359,-0.0038896399532017197,0.0030634433587820756,0.0034765416559918976,student_t,24,,,,,,,,0.3
frequency_dispersion_scan,INDEPENDENT_IRREGULAR_FORCING,network_7_83Hz,7.83,-0.0001990603746761984,0.004868539235258913,0.0009937864099253471,-0.0022548641946992924,0.0018567434453468955,0.002055803820023094,student_t,24,,,,,,,,0.3
frequency_dispersion_scan,LOW_JITTER_MATCHED,network_10_00Hz,10.0,0.012907739648122604,0.04063914145140855,0.008295430011728328,-0.004252664777337779,0.030068144073582985,0.017160404425460383,student_t,24,,,,,,,,0.3
frequency_dispersion_scan,LOW_JITTER_MATCHED,network_14_30Hz,14.3,0.001370356773608745,0.03492743215334331,0.007129532233447485,-0.013378204339840313,0.016118917887057802,0.014748561113449058,student_t,24,,,,,,,,0.3
frequency_dispersion_scan,LOW_JITTER_MATCHED,network_20_80Hz,20.8,-0.0076131398819027545,0.03880024652966802,0.007920067157656703,-0.023997047082619256,0.008770767318813748,0.016383907200716502,student_t,24,,,,,,,,0.3
frequency_dispersion_scan,LOW_JITTER_MATCHED,network_27_30Hz,27.3,0.00047992967265065206,0.041456529623233616,0.00846227867362481,-0.017025627507030124,0.017985486852331426,0.017505557179680775,student_t,24,,,,,,,,0.3
frequency_dispersion_scan,LOW_JITTER_MATCHED,network_33_80Hz,33.8,0.003733777241683995,0.0480427756030427,0.009806690504540585,-0.016552907703558103,0.024020462186926095,0.0202866849452421,student_t,24,,,,,,,,0.3
frequency_dispersion_scan,LOW_JITTER_MATCHED,network_7_83Hz,7.83,0.02743318083264819,0.02996592381033956,0.006116768583870748,0.014779680950451823,0.04008668071484456,0.012653499882196368,student_t,24,,,,,,,,0.3
frequency_dispersion_scan,NEAR_DETUNED,network_10_00Hz,10.0,-0.002809727432047479,0.006222034888080326,0.0012700675531326533,-0.005437062341581642,-0.00018239252251331644,0.0026273349095341627,student_t,24,,,,,,,,0.3
frequency_dispersion_scan,NEAR_DETUNED,network_14_30Hz,14.3,-0.001803034306668505,0.00945926018391204,0.0019308633995674888,-0.005797329572863387,0.002191260959526377,0.003994295266194882,student_t,24,,,,,,,,0.3
frequency_dispersion_scan,NEAR_DETUNED,network_20_80Hz,20.8,0.00288940228522927,0.02135787767278701,0.0043596585239258035,-0.006129238499118119,0.011908043069576659,0.009018640784347389,student_t,24,,,,,,,,0.3
frequency_dispersion_scan,NEAR_DETUNED,network_27_30Hz,27.3,-0.0022175049063109797,0.01780073617434684,0.0036335600560876715,-0.009734096569251408,0.005299086756629447,0.007516591662940427,student_t,24,,,,,,,,0.3
frequency_dispersion_scan,NEAR_DETUNED,network_33_80Hz,33.8,0.007287857076362143,0.02239020932356445,0.004570382339736617,-0.002166699133258828,0.016742413285983113,0.009454556209620971,student_t,24,,,,,,,,0.3
frequency_dispersion_scan,NEAR_DETUNED,network_7_83Hz,7.83,-0.00306410872494374,0.008689400151152158,0.001773716378432151,-0.006733320609912322,0.0006051031600248424,0.0036692118849685823,student_t,24,,,,,,,,0.3
frequency_dispersion_scan,SHARED_IRREGULAR_FORCING,network_10_00Hz,10.0,-0.003341938147228033,0.013980598510549901,0.0028537777207968138,-0.009245427147798689,0.002561550853342623,0.005903489000570656,student_t,24,,,,,,,,0.3
frequency_dispersion_scan,SHARED_IRREGULAR_FORCING,network_14_30Hz,14.3,-0.004967015518142821,0.010662293456557278,0.002176431538031771,-0.00946930718284828,-0.00046472385343736267,0.0045022916647054585,student_t,24,,,,,,,,0.3
frequency_dispersion_scan,SHARED_IRREGULAR_FORCING,network_20_80Hz,20.8,0.00791972740397924,0.028111350366137412,0.005738205364803145,-0.003950654794068198,0.01979010960202668,0.011870382198047438,student_t,24,,,,,,,,0.3
frequency_dispersion_scan,SHARED_IRREGULAR_FORCING,network_27_30Hz,27.3,-0.007076521803310014,0.022530284011230757,0.0045989749656251315,-0.016590226366077123,0.0024371827594570966,0.00951370456276711,student_t,24,,,,,,,,0.3
frequency_dispersion_scan,SHARED_IRREGULAR_FORCING,network_33_80Hz,33.8,0.012057340520715762,0.026659737932463866,0.0054418962175714885,0.0007999204951258682,0.023314760546305657,0.011257420025589894,student_t,24,,,,,,,,0.3
frequency_dispersion_scan,SHARED_IRREGULAR_FORCING,network_7_83Hz,7.83,-0.002235066536676239,0.013439200334377776,0.002743265280855552,-0.007909943137316425,0.0034398100639639476,0.005674876600640187,student_t,24,,,,,,,,0.3
frequency_dispersion_scan,CLEAN_MATCHED,network_10_00Hz,10.0,0.11356259543197156,0.05740784081637883,0.011718326436254119,0.08932139026823975,0.13780380059570338,0.02424120516373181,student_t,24,,,,,,,,0.75
frequency_dispersion_scan,CLEAN_MATCHED,network_14_30Hz,14.3,0.11752323330739238,0.06503012638551257,0.013274218962767231,0.09006341922769509,0.14498304738708967,0.027459814079697283,student_t,24,,,,,,,,0.75
frequency_dispersion_scan,CLEAN_MATCHED,network_20_80Hz,20.8,0.11768573421036162,0.07055883608505363,0.014402762104421539,0.08789135077199493,0.14748011764872831,0.029794383438366687,student_t,24,,,,,,,,0.75
frequency_dispersion_scan,CLEAN_MATCHED,network_27_30Hz,27.3,0.1193330560230091,0.06202607209005706,0.012661018947477062,0.09314174282165091,0.1455243692243673,0.026191313201358195,student_t,24,,,,,,,,0.75
frequency_dispersion_scan,CLEAN_MATCHED,network_33_80Hz,33.8,0.10674862559444113,0.06843886058839581,0.01397002391825362,0.07784942929820965,0.13564782189067262,0.02889919629623149,student_t,24,,,,,,,,0.75
frequency_dispersion_scan,CLEAN_MATCHED,network_7_83Hz,7.83,0.09068877990712927,0.07012117398995499,0.014313424703359112,0.06107920496336543,0.12029835485089312,0.02960957494376384,student_t,24,,,,,,,,0.75
frequency_dispersion_scan,FAR_DETUNED,network_10_00Hz,10.0,-5.1691174236158606e-05,0.0014660334207575285,0.00029925281889357514,-0.0006707427954797061,0.0005673604470073889,0.0006190516212435475,student_t,24,,,,,,,,0.75
frequency_dispersion_scan,FAR_DETUNED,network_14_30Hz,14.3,-0.0005513900720854394,0.00242957759768347,0.0004959354504017879,-0.0015773107158356964,0.0004745305716648177,0.0010259206437502571,student_t,24,,,,,,,,0.75
frequency_dispersion_scan,FAR_DETUNED,network_20_80Hz,20.8,-2.92136496469024e-05,0.001268238273253386,0.00025887805347826824,-0.0005647437051451914,0.0005063164058513866,0.000535530055498289,student_t,24,,,,,,,,0.75
frequency_dispersion_scan,FAR_DETUNED,network_27_30Hz,27.3,0.00022276146755803236,0.002540913917682725,0.0005186618815549047,-0.0008501723809547844,0.001295695316070849,0.0010729338485128167,student_t,24,,,,,,,,0.75
frequency_dispersion_scan,FAR_DETUNED,network_33_80Hz,33.8,0.0004938980736712614,0.0015705563665432826,0.0003205884758592157,-0.0001692897167275486,0.0011570858640700713,0.00066318779039881,student_t,24,,,,,,,,0.75
frequency_dispersion_scan,FAR_DETUNED,network_7_83Hz,7.83,0.0007259436576293824,0.002668340553116817,0.0005446727345926696,-0.0004007977399734982,0.001852685055232263,0.0011267413976028806,student_t,24,,,,,,,,0.75
frequency_dispersion_scan,HIGH_JITTER_MATCHED,network_10_00Hz,10.0,0.019072250725057208,0.016554275041168846,0.003379127242712889,0.012081993437844853,0.026062508012269562,0.0069902572872123534,student_t,24,,,,,,,,0.75
frequency_dispersion_scan,HIGH_JITTER_MATCHED,network_14_30Hz,14.3,0.013501274929288473,0.017352554402279823,0.0035420753349559592,0.006173933830954228,0.020828616027622718,0.0073273410983342455,student_t,24,,,,,,,,0.75
frequency_dispersion_scan,HIGH_JITTER_MATCHED,network_20_80Hz,20.8,0.00829397621999166,0.015913400723746602,0.0032483093204679755,0.0015743364232104545,0.015013616016772865,0.006719639796781206,student_t,24,,,,,,,,0.75
frequency_dispersion_scan,HIGH_JITTER_MATCHED,network_27_30Hz,27.3,0.00545017964511882,0.015461754982884155,0.003156117519666786,-0.001078746881316769,0.01197910617155441,0.006528926526435589,student_t,24,,,,,,,,0.75
frequency_dispersion_scan,HIGH_JITTER_MATCHED,network_33_80Hz,33.8,0.005191921001295582,0.019124240147884067,0.003903719173397023,-0.0028835373756909265,0.01326737937828209,0.008075458376986509,student_t,24,,,,,,,,0.75
frequency_dispersion_scan,HIGH_JITTER_MATCHED,network_7_83Hz,7.83,0.024177622672080522,0.02274676106109101,0.004643163158390187,0.014572507868059316,0.03378273747610173,0.009605114804021207,student_t,24,,,,,,,,0.75
frequency_dispersion_scan,INDEPENDENT_IRREGULAR_FORCING,network_10_00Hz,10.0,4.7119197172548526e-05,0.008716354047387399,0.0017792183194618395,-0.003633474319979176,0.003727712714324273,0.0036805935171517245,student_t,24,,,,,,,,0.75
frequency_dispersion_scan,INDEPENDENT_IRREGULAR_FORCING,network_14_30Hz,14.3,-0.0007413436933613049,0.010151748373387911,0.0020722169593274586,-0.005028051076713473,0.0035453636899908628,0.0042867073833521676,student_t,24,,,,,,,,0.75
frequency_dispersion_scan,INDEPENDENT_IRREGULAR_FORCING,network_20_80Hz,20.8,-0.0010578728922884563,0.013615302186672541,0.002779211920928981,-0.006807110783485536,0.004691364998908623,0.00574923789119708,student_t,24,,,,,,,,0.75
frequency_dispersion_scan,INDEPENDENT_IRREGULAR_FORCING,network_27_30Hz,27.3,0.0006257495605466642,0.006730759976688994,0.0013739106270029362,-0.0022164011140385666,0.003467900235131895,0.002842150674585231,student_t,24,,,,,,,,0.75
frequency_dispersion_scan,INDEPENDENT_IRREGULAR_FORCING,network_33_80Hz,33.8,0.0009017510117016875,0.009267582209444444,0.0018917372968695026,-0.003011605744380968,0.004815107767784343,0.0039133567560826555,student_t,24,,,,,,,,0.75
frequency_dispersion_scan,INDEPENDENT_IRREGULAR_FORCING,network_7_83Hz,7.83,0.00010565369356430622,0.008851291638755041,0.0018067623399594152,-0.0036319189712112664,0.0038432263583398785,0.0037375726647755725,student_t,24,,,,,,,,0.75
frequency_dispersion_scan,LOW_JITTER_MATCHED,network_10_00Hz,10.0,0.08604567035353126,0.032023604774769426,0.0065367909518950105,0.07252328800317527,0.09956805270388726,0.01352238235035599,student_t,24,,,,,,,,0.75
frequency_dispersion_scan,LOW_JITTER_MATCHED,network_14_30Hz,14.3,0.058723262577802395,0.025564391352680994,0.00521830953324059,0.04792836684834197,0.06951815830726281,0.01079489572946042,student_t,24,,,,,,,,0.75
frequency_dispersion_scan,LOW_JITTER_MATCHED,network_20_80Hz,20.8,0.05793961642870806,0.036520840652526504,0.007454785381348549,0.04251821791554072,0.07336101494187541,0.015421398513167347,student_t,24,,,,,,,,0.75
frequency_dispersion_scan,LOW_JITTER_MATCHED,network_27_30Hz,27.3,0.03657992307266986,0.029707077951499194,0.006063931894188132,0.02403572421069478,0.04912412193464494,0.012544198861975078,student_t,24,,,,,,,,0.75
frequency_dispersion_scan,LOW_JITTER_MATCHED,network_33_80Hz,33.8,0.028256440078237938,0.02219804643352815,0.00453115725406266,0.018883027140615738,0.03762985301586014,0.0093734129376222,student_t,24,,,,,,,,0.75
frequency_dispersion_scan,LOW_JITTER_MATCHED,network_7_83Hz,7.83,0.08834621969392,0.05964172856826457,0.012174316864151878,0.06316172646123924,0.11353071292660075,0.02518449323268075,student_t,24,,,,,,,,0.75
frequency_dispersion_scan,NEAR_DETUNED,network_10_00Hz,10.0,0.0017585162402067543,0.0043100178032113795,0.0008797787000149301,-6.144466306370801e-05,0.0035784771434772167,0.0018199609032704624,student_t,24,,,,,,,,0.75
frequency_dispersion_scan,NEAR_DETUNED,network_14_30Hz,14.3,0.0023836190788470942,0.004991583879243936,0.0010189027927041574,0.0002758580624424166,0.004491380095251771,0.0021077610164046776,student_t,24,,,,,,,,0.75
frequency_dispersion_scan,NEAR_DETUNED,network_20_80Hz,20.8,0.0038927766312418393,0.006426510861533848,0.0013118060364343204,0.0011790990905783346,0.006606454171905344,0.0027136775406635047,student_t,24,,,,,,,,0.75
frequency_dispersion_scan,NEAR_DETUNED,network_27_30Hz,27.3,0.0034693398133404402,0.004382856588379242,0.0008946468547770523,0.0016186217885684256,0.005320057838112455,0.0018507180247720146,student_t,24,,,,,,,,0.75
frequency_dispersion_scan,NEAR_DETUNED,network_33_80Hz,33.8,0.0029442104689798732,0.005904443235585985,0.0012052394285344493,0.00045098275276497964,0.005437438185194767,0.0024932277162148936,student_t,24,,,,,,,,0.75
frequency_dispersion_scan,NEAR_DETUNED,network_7_83Hz,7.83,0.004022841139160172,0.007786180295452888,0.001589347397431029,0.000735025549864766,0.007310656728455578,0.0032878155892954062,student_t,24,,,,,,,,0.75
frequency_dispersion_scan,SHARED_IRREGULAR_FORCING,network_10_00Hz,10.0,0.0001338175262404831,0.015324439714229589,0.0031280881578253797,-0.006337125847506691,0.006604760899987657,0.006470943373747174,student_t,24,,,,,,,,0.75
frequency_dispersion_scan,SHARED_IRREGULAR_FORCING,network_14_30Hz,14.3,0.004768827880995569,0.01323351433574669,0.0027012798021988052,-0.0008191951396942518,0.01035685090168539,0.005588023020689821,student_t,24,,,,,,,,0.75
frequency_dispersion_scan,SHARED_IRREGULAR_FORCING,network_20_80Hz,20.8,0.004864801910179143,0.01750876441447735,0.0035739615701724493,-0.0025285008913033067,0.012258104711661593,0.00739330280148245,student_t,24,,,,,,,,0.75
frequency_dispersion_scan,SHARED_IRREGULAR_FORCING,network_27_30Hz,27.3,0.003572734752020794,0.0138834256789832,0.0028339423996134945,-0.002289721760428882,0.009435191264470469,0.005862456512449676,student_t,24,,,,,,,,0.75
frequency_dispersion_scan,SHARED_IRREGULAR_FORCING,network_33_80Hz,33.8,0.0031828312170217965,0.008590803150344679,0.001753590349919892,-0.0004447468058973907,0.006810409239940984,0.003627578022919187,student_t,24,,,,,,,,0.75
frequency_dispersion_scan,SHARED_IRREGULAR_FORCING,network_7_83Hz,7.83,0.0052301045957729225,0.016270259965970944,0.0033211529082551343,-0.0016402236432544173,0.012100432834800261,0.00687032823902734,student_t,24,,,,,,,,0.75
frequency_dispersion_scan,CLEAN_MATCHED,network_10_00Hz,10.0,0.06110793450870552,0.028533162430364894,0.005824307391862096,0.049059436697110076,0.07315643232030096,0.012048497811595444,student_t,24,,,,,,,,0.9
frequency_dispersion_scan,CLEAN_MATCHED,network_14_30Hz,14.3,0.05558692782681437,0.03795322619529727,0.007747169855909208,0.03956068594517874,0.07161316970845,0.016026241881635626,student_t,24,,,,,,,,0.9
frequency_dispersion_scan,CLEAN_MATCHED,network_20_80Hz,20.8,0.07432899234644812,0.0582980759977678,0.011900044931710535,0.049711873834136486,0.09894611085875975,0.024617118512311627,student_t,24,,,,,,,,0.9
frequency_dispersion_scan,CLEAN_MATCHED,network_27_30Hz,27.3,0.07378973232486047,0.0443613762872275,0.00905522801594239,0.055057565975601463,0.09252189867411947,0.01873216634925901,student_t,24,,,,,,,,0.9
frequency_dispersion_scan,CLEAN_MATCHED,network_33_80Hz,33.8,0.06572291137825137,0.05726990706962026,0.011690170828098388,0.04153995052760689,0.08990587222889584,0.024182960850644482,student_t,24,,,,,,,,0.9
frequency_dispersion_scan,CLEAN_MATCHED,network_7_83Hz,7.83,0.054613798033585674,0.047305687553029344,0.009656233036370938,0.034638358074917094,0.07458923799225425,0.01997543995866858,student_t,24,,,,,,,,0.9
frequency_dispersion_scan,FAR_DETUNED,network_10_00Hz,10.0,0.00013088856530610085,0.0006221659700094815,0.00012699909682058097,-0.0001318290828481396,0.0003936062134603413,0.00026271764815424044,student_t,24,,,,,,,,0.9
frequency_dispersion_scan,FAR_DETUNED,network_14_30Hz,14.3,0.0002686705572432727,0.000874125078891652,0.00017843003455455319,-0.00010044009166533752,0.0006377812061518829,0.00036911064890861024,student_t,24,,,,,,,,0.9
frequency_dispersion_scan,FAR_DETUNED,network_20_80Hz,20.8,0.0003353415879439441,0.0005649262314453693,0.00011531508411288231,9.679416159771737e-05,0.0005738890142901708,0.00023854742634622672,student_t,24,,,,,,,,0.9
frequency_dispersion_scan,FAR_DETUNED,network_27_30Hz,27.3,0.0005037128372365271,0.0012278323602148535,0.000250630231016962,-1.4755297557795654e-05,0.0010221809720308498,0.0005184681347943227,student_t,24,,,,,,,,0.9
frequency_dispersion_scan,FAR_DETUNED,network_33_80Hz,33.8,0.00011028080792131918,0.0007507358789363836,0.00015324331958283213,-0.00020672715137958495,0.0004272887672222233,0.00031700795930090413,student_t,24,,,,,,,,0.9
frequency_dispersion_scan,FAR_DETUNED,network_7_83Hz,7.83,9.047790827441139e-05,0.0009190607332733573,0.00018760248659565625,-0.0002976074033552304,0.00047856321990405324,0.00038808531162964183,student_t,24,,,,,,,,0.9
frequency_dispersion_scan,HIGH_JITTER_MATCHED,network_10_00Hz,10.0,0.014545897374855567,0.01883638107918391,0.0038449601870513433,0.006591991222153558,0.022499803527557576,0.00795390615270201,student_t,24,,,,,,,,0.9
frequency_dispersion_scan,HIGH_JITTER_MATCHED,network_14_30Hz,14.3,0.006714186402752391,0.012813282895175193,0.0026155004185925653,0.001303611556776673,0.012124761248728109,0.005410574845975718,student_t,24,,,,,,,,0.9
frequency_dispersion_scan,HIGH_JITTER_MATCHED,network_20_80Hz,20.8,0.011247839942082815,0.010497652013765731,0.0021428242442521946,0.0068150702614200665,0.015680609622745565,0.004432769680662749,student_t,24,,,,,,,,0.9
frequency_dispersion_scan,HIGH_JITTER_MATCHED,network_27_30Hz,27.3,0.009050470476060129,0.014245690763682959,0.0029078894503752058,0.0030350428342841946,0.015065898117836062,0.006015427641775934,student_t,24,,,,,,,,0.9
frequency_dispersion_scan,HIGH_JITTER_MATCHED,network_33_80Hz,33.8,0.0028596641748892104,0.011294849650741968,0.0023055515304808848,-0.0019097325448533568,0.0076290608946317775,0.004769396719742567,student_t,24,,,,,,,,0.9
frequency_dispersion_scan,HIGH_JITTER_MATCHED,network_7_83Hz,7.83,0.017798501676382198,0.01708837886531305,0.0034881507292814306,0.010582712123965412,0.025014291228798984,0.007215789552416786,student_t,24,,,,,,,,0.9
frequency_dispersion_scan,INDEPENDENT_IRREGULAR_FORCING,network_10_00Hz,10.0,-0.0018645146163408406,0.0064428563792299,0.0013151425512624008,-0.00458509426379573,0.0008560650311140484,0.002720579647454889,student_t,24,,,,,,,,0.9
frequency_dispersion_scan,INDEPENDENT_IRREGULAR_FORCING,network_14_30Hz,14.3,0.0007141989840911793,0.005161570463933893,0.0010536011590048901,-0.0014653410718306168,0.0028937390400129753,0.002179540055921796,student_t,24,,,,,,,,0.9
frequency_dispersion_scan,INDEPENDENT_IRREGULAR_FORCING,network_20_80Hz,20.8,0.0012801550297807107,0.009406623197790585,0.0019201189197678617,-0.002691913586506679,0.0052522236460681,0.00397206861628739,student_t,24,,,,,,,,0.9
frequency_dispersion_scan,INDEPENDENT_IRREGULAR_FORCING,network_27_30Hz,27.3,-0.0013203173438969724,0.008620809117705007,0.0017597152923591764,-0.0049605657756065635,0.002319931087812619,0.0036402484317095913,student_t,24,,,,,,,,0.9
frequency_dispersion_scan,INDEPENDENT_IRREGULAR_FORCING,network_33_80Hz,33.8,-0.00035673808435005526,0.00582187760980974,0.0011883857907473336,-0.002815101394493386,0.0021016252257932753,0.0024583633101433306,student_t,24,,,,,,,,0.9
frequency_dispersion_scan,INDEPENDENT_IRREGULAR_FORCING,network_7_83Hz,7.83,-0.00013771564996665174,0.0047355512004245166,0.0009666403409887017,-0.0021373635478909936,0.0018619322479576901,0.001999647897924342,student_t,24,,,,,,,,0.9
frequency_dispersion_scan,LOW_JITTER_MATCHED,network_10_00Hz,10.0,0.04916701133684246,0.024778258316311284,0.00505784079915304,0.038704070475386564,0.05962995219829836,0.010462940861455898,student_t,24,,,,,,,,0.9
frequency_dispersion_scan,LOW_JITTER_MATCHED,network_14_30Hz,14.3,0.043295865807533584,0.022690990818433017,0.004631779105278246,0.03371430071161981,0.05287743090344736,0.009581565095913775,student_t,24,,,,,,,,0.9
frequency_dispersion_scan,LOW_JITTER_MATCHED,network_20_80Hz,20.8,0.04456510216193371,0.017697411513025386,0.003612468997914051,0.037092140676995934,0.05203806364687149,0.007472961484937776,student_t,24,,,,,,,,0.9
frequency_dispersion_scan,LOW_JITTER_MATCHED,network_27_30Hz,27.3,0.030931336621657368,0.014631666946512878,0.002986676508775247,0.02475292553191966,0.03710974771139508,0.0061784110897377086,student_t,24,,,,,,,,0.9
frequency_dispersion_scan,LOW_JITTER_MATCHED,network_33_80Hz,33.8,0.020885805398148743,0.016108142120010695,0.0032880607415216563,0.01408393352167987,0.027687677274617618,0.006801871876468875,student_t,24,,,,,,,,0.9
frequency_dispersion_scan,LOW_JITTER_MATCHED,network_7_83Hz,7.83,0.05066159035824258,0.031933831851506514,0.006518466130668996,0.037177115788775354,0.0641460649277098,0.013484474569467227,student_t,24,,,,,,,,0.9
frequency_dispersion_scan,NEAR_DETUNED,network_10_00Hz,10.0,0.004140827295919396,0.0027365362031733617,0.0005585931133689978,0.002985289400820949,0.005296365191017844,0.0011555378950984477,student_t,24,,,,,,,,0.9
frequency_dispersion_scan,NEAR_DETUNED,network_14_30Hz,14.3,0.0029969111767497738,0.004870364697559721,0.0009941590308571529,0.0009403365316002989,0.005053485821899248,0.002056574645149475,student_t,24,,,,,,,,0.9
frequency_dispersion_scan,NEAR_DETUNED,network_20_80Hz,20.8,0.004814954429412206,0.00267777336531929,0.0005465981993206328,0.003684229904546231,0.005945678954278181,0.0011307245248659752,student_t,24,,,,,,,,0.9
frequency_dispersion_scan,NEAR_DETUNED,network_27_30Hz,27.3,0.006005728650453544,0.006058169980451242,0.0012366187689293571,0.003447587822920795,0.008563869477986295,0.0025581408275327493,student_t,24,,,,,,,,0.9
frequency_dispersion_scan,NEAR_DETUNED,network_33_80Hz,33.8,0.0026727069519179403,0.004833042448337673,0.000986540658636569,0.000631892110441581,0.0047135217933943,0.0020408148414763592,student_t,24,,,,,,,,0.9
frequency_dispersion_scan,NEAR_DETUNED,network_7_83Hz,7.83,0.0041858639059185925,0.004525164246584656,0.0009236952838681903,0.002275054627236477,0.006096673184600708,0.0019108092786821154,student_t,24,,,,,,,,0.9
frequency_dispersion_scan,SHARED_IRREGULAR_FORCING,network_10_00Hz,10.0,-0.0010143840406982487,0.010314867191779653,0.002105513448702916,-0.005369970460197193,0.0033412023788006954,0.004355586419498944,student_t,24,,,,,,,,0.9
frequency_dispersion_scan,SHARED_IRREGULAR_FORCING,network_14_30Hz,14.3,0.0023650085730898573,0.008082556421249006,0.0016498449207763128,-0.0010479556782852745,0.005777972824464989,0.0034129642513751317,student_t,24,,,,,,,,0.9
frequency_dispersion_scan,SHARED_IRREGULAR_FORCING,network_20_80Hz,20.8,0.0037952595368536744,0.009615292121525535,0.0019627132854617255,-0.00026492223818729834,0.007855441311894647,0.004060181775040973,student_t,24,,,,,,,,0.9
frequency_dispersion_scan,SHARED_IRREGULAR_FORCING,network_27_30Hz,27.3,0.006898612840330002,0.012679965649075607,0.002588287149687812,0.0015443329301784827,0.012252892750481522,0.005354279910151519,student_t,24,,,,,,,,0.9
frequency_dispersion_scan,SHARED_IRREGULAR_FORCING,network_33_80Hz,33.8,0.00018061730811228145,0.010308351538537283,0.002104183446554189,-0.004172217792319825,0.004533452408544388,0.004352835100432106,student_t,24,,,,,,,,0.9
frequency_dispersion_scan,SHARED_IRREGULAR_FORCING,network_7_83Hz,7.83,0.0024435261854901225,0.007225691888561865,0.0014749381804619918,-0.0006076159064202008,0.005494668277400446,0.0030511420919103233,student_t,24,,,,,,,,0.9
frequency_dispersion_scan,CLEAN_MATCHED,network_10_00Hz,10.0,0.030867222995780107,0.019910545690711063,0.004064223120217713,0.022459736907700683,0.039274709083859535,0.008407486088079424,student_t,24,,,,,,,,1.2
frequency_dispersion_scan,CLEAN_MATCHED,network_14_30Hz,14.3,0.027025735410235934,0.025786528866867057,0.005263653163447766,0.016137039235063412,0.037914431585408456,0.01088869617517252,student_t,24,,,,,,,,1.2
frequency_dispersion_scan,CLEAN_MATCHED,network_20_80Hz,20.8,0.03170082199553579,0.02727314729765175,0.005567107879917727,0.020184381911720128,0.04321726207935145,0.011516440083815662,student_t,24,,,,,,,,1.2
frequency_dispersion_scan,CLEAN_MATCHED,network_27_30Hz,27.3,0.028944541046888404,0.023958325610048594,0.004890472736339464,0.018827827402312904,0.039061254691463904,0.010116713644575502,student_t,24,,,,,,,,1.2
frequency_dispersion_scan,CLEAN_MATCHED,network_33_80Hz,33.8,0.029482676695829685,0.024110866711533903,0.0049216100582928895,0.019301550593227162,0.03966380279843221,0.010181126102602524,student_t,24,,,,,,,,1.2
frequency_dispersion_scan,CLEAN_MATCHED,network_7_83Hz,7.83,0.021938836222718947,0.025176684705974048,0.005139169245380795,0.011307654652030446,0.03257001779340745,0.010631181570688502,student_t,24,,,,,,,,1.2
frequency_dispersion_scan,FAR_DETUNED,network_10_00Hz,10.0,0.0003567959413690875,0.000233777314952524,4.7719594589300005e-05,0.00025808043885582033,0.0004555114438823546,9.871550251326711e-05,student_t,24,,,,,,,,1.2
frequency_dispersion_scan,FAR_DETUNED,network_14_30Hz,14.3,0.00021257865997081614,0.0003005995934618739,6.135963507247113e-05,8.564658390561316e-05,0.00033951073603601914,0.00012693207606520297,student_t,24,,,,,,,,1.2
frequency_dispersion_scan,FAR_DETUNED,network_20_80Hz,20.8,0.0003551238166144728,0.00042704671904882877,8.717054649994298e-05,0.00017479780219297822,0.0005354498310359674,0.0001803260144214946,student_t,24,,,,,,,,1.2
frequency_dispersion_scan,FAR_DETUNED,network_27_30Hz,27.3,0.0002949752307283976,0.0002047287303505931,4.179007708723341e-05,0.0002085258697218935,0.0003814245917349017,8.644936100650411e-05,student_t,24,,,,,,,,1.2
frequency_dispersion_scan,FAR_DETUNED,network_33_80Hz,33.8,0.00032167955055555954,0.0001600968476950625,3.267963219008136e-05,0.0002540765807198524,0.00038928252039126666,6.760296983570713e-05,student_t,24,,,,,,,,1.2
frequency_dispersion_scan,FAR_DETUNED,network_7_83Hz,7.83,0.00014693980546368,0.0008823032206446695,0.00018009939074947344,-0.00022562416984205224,0.0005195037807694123,0.00037256397530573224,student_t,24,,,,,,,,1.2
frequency_dispersion_scan,HIGH_JITTER_MATCHED,network_10_00Hz,10.0,0.009005327857109792,0.009113827726477558,0.0018603522944583095,0.005156895925118071,0.012853759789101513,0.003848431931991721,student_t,24,,,,,,,,1.2
frequency_dispersion_scan,HIGH_JITTER_MATCHED,network_14_30Hz,14.3,0.0069461325340121165,0.009072941987179952,0.0018520065278720098,0.0031149651355839255,0.010777299932440308,0.003831167398428191,student_t,24,,,,,,,,1.2
frequency_dispersion_scan,HIGH_JITTER_MATCHED,network_20_80Hz,20.8,0.004572805904163895,0.00779536832899297,0.0015912228969237603,0.001281110548569513,0.007864501259758277,0.003291695355594382,student_t,24,,,,,,,,1.2
frequency_dispersion_scan,HIGH_JITTER_MATCHED,network_27_30Hz,27.3,0.0036893800723672775,0.008811080986152558,0.0017985543748677152,-3.1213122955296106e-05,0.0074099732676898514,0.0037205931953225736,student_t,24,,,,,,,,1.2
frequency_dispersion_scan,HIGH_JITTER_MATCHED,network_33_80Hz,33.8,0.001847855260103972,0.004410332668649803,0.0009002553861766046,-1.4464895831000583e-05,0.0037101754160389446,0.0018623201559349726,student_t,24,,,,,,,,1.2
frequency_dispersion_scan,HIGH_JITTER_MATCHED,network_7_83Hz,7.83,0.014648720630350567,0.011192400786729093,0.002284639243684274,0.009922584271841076,0.01937485698886006,0.004726136358509493,student_t,24,,,,,,,,1.2
frequency_dispersion_scan,INDEPENDENT_IRREGULAR_FORCING,network_10_00Hz,10.0,0.000734506283393436,0.0036673694350704915,0.0007485986511834757,-0.0008140880135266956,0.0022831005803135677,0.0015485942969201316,student_t,24,,,,,,,,1.2
frequency_dispersion_scan,INDEPENDENT_IRREGULAR_FORCING,network_14_30Hz,14.3,0.000609937399014829,0.0032080967494194025,0.0006548500067965735,-0.0007447230512278685,0.0019645978492575265,0.0013546604502426974,student_t,24,,,,,,,,1.2
frequency_dispersion_scan,INDEPENDENT_IRREGULAR_FORCING,network_20_80Hz,20.8,-0.0005391564326548045,0.004478788897622791,0.0009142289554015171,-0.00243038311891161,0.0013520702536020009,0.0018912266862568055,student_t,24,,,,,,,,1.2
frequency_dispersion_scan,INDEPENDENT_IRREGULAR_FORCING,network_27_30Hz,27.3,0.000591115080268183,0.004558120484019635,0.000930422447664666,-0.0013336103969980471,0.0025158405575344133,0.0019247254772662302,student_t,24,,,,,,,,1.2
frequency_dispersion_scan,INDEPENDENT_IRREGULAR_FORCING,network_33_80Hz,33.8,-0.000786497297888779,0.0034791560929705234,0.0007101797636060745,-0.002255616070638086,0.000682621474860528,0.001469118772749307,student_t,24,,,,,,,,1.2
frequency_dispersion_scan,INDEPENDENT_IRREGULAR_FORCING,network_7_83Hz,7.83,0.0007093739997518054,0.003080155435531523,0.0006287340954593599,-0.0005912615717501359,0.0020100095712537467,0.0013006355715019413,student_t,24,,,,,,,,1.2
frequency_dispersion_scan,LOW_JITTER_MATCHED,network_10_00Hz,10.0,0.029622877699172573,0.014097376792482512,0.002877614987777961,0.023670077554849775,0.03557567784349537,0.005952800144322797,student_t,24,,,,,,,,1.2
frequency_dispersion_scan,LOW_JITTER_MATCHED,network_14_30Hz,14.3,0.01979244524211402,0.01468185729932747,0.0029969215716424144,0.013592840625106923,0.025992049859121114,0.0061996046170070965,student_t,24,,,,,,,,1.2
frequency_dispersion_scan,LOW_JITTER_MATCHED,network_20_80Hz,20.8,0.023063153329095965,0.015191772323509347,0.00310100754009446,0.01664823048131271,0.029478076176879222,0.006414922847783258,student_t,24,,,,,,,,1.2
frequency_dispersion_scan,LOW_JITTER_MATCHED,network_27_30Hz,27.3,0.012228940020781063,0.01290968282873856,0.0026351779726316027,0.006777659052888059,0.01768022098867407,0.005451280967893005,student_t,24,,,,,,,,1.2
frequency_dispersion_scan,LOW_JITTER_MATCHED,network_33_80Hz,33.8,0.015370899562554517,0.009585244336818495,0.0019565798070922875,0.011323405854220822,0.019418393270888214,0.004047493708333695,student_t,24,,,,,,,,1.2
frequency_dispersion_scan,LOW_JITTER_MATCHED,network_7_83Hz,7.83,0.023005810583169712,0.01509814842014257,0.0030818966408464395,0.016630421642557822,0.0293811995237816,0.006375388940611889,student_t,24,,,,,,,,1.2
frequency_dispersion_scan,NEAR_DETUNED,network_10_00Hz,10.0,0.005440146379639114,0.0034535684988935967,0.0007049567178365803,0.003981832300270438,0.0068984604590077905,0.0014583140793686757,student_t,24,,,,,,,,1.2
frequency_dispersion_scan,NEAR_DETUNED,network_14_30Hz,14.3,0.005332920735153357,0.0026135235354352742,0.000533483257714261,0.004229326534051604,0.00643651493625511,0.0011035942011017527,student_t,24,,,,,,,,1.2
frequency_dispersion_scan,NEAR_DETUNED,network_20_80Hz,20.8,0.00492618410972794,0.003763666424424924,0.0007682551918238577,0.003336927160417571,0.006515441059038309,0.0015892569493103693,student_t,24,,,,,,,,1.2
frequency_dispersion_scan,NEAR_DETUNED,network_27_30Hz,27.3,0.005313347155723006,0.003649381259833356,0.0007449268302889132,0.0037723485990405065,0.006854345712405506,0.0015409985566824994,student_t,24,,,,,,,,1.2
frequency_dispersion_scan,NEAR_DETUNED,network_33_80Hz,33.8,0.005097597009768279,0.003016384803195779,0.0006157169696429264,0.0038238894146522848,0.006371304604884272,0.001273707595115994,student_t,24,,,,,,,,1.2
frequency_dispersion_scan,NEAR_DETUNED,network_7_83Hz,7.83,0.005620266709276974,0.0020441188658988636,0.0004172540162540708,0.004757111013075077,0.00648342240547887,0.0008631556962018969,student_t,24,,,,,,,,1.2
frequency_dispersion_scan,SHARED_IRREGULAR_FORCING,network_10_00Hz,10.0,0.0016444315790626405,0.007015107810708756,0.0014319528855707712,-0.0013177886554348523,0.004606651813560133,0.002962220234497493,student_t,24,,,,,,,,1.2
frequency_dispersion_scan,SHARED_IRREGULAR_FORCING,network_14_30Hz,14.3,0.002520103830118466,0.006555406307762798,0.0013381167092200933,-0.0002480014840385734,0.005288209144275505,0.0027681053141570392,student_t,24,,,,,,,,1.2
frequency_dispersion_scan,SHARED_IRREGULAR_FORCING,network_20_80Hz,20.8,0.000856802297282357,0.008314479143767576,0.0016971859482702782,-0.0026540943309032237,0.004367698925467938,0.0035108966281855807,student_t,24,,,,,,,,1.2
frequency_dispersion_scan,SHARED_IRREGULAR_FORCING,network_27_30Hz,27.3,0.0012418574222028609,0.006431406331602167,0.0013128053200775248,-0.001473887294174126,0.003957602138579847,0.0027157447163769868,student_t,24,,,,,,,,1.2
frequency_dispersion_scan,SHARED_IRREGULAR_FORCING,network_33_80Hz,33.8,0.0019006372604702902,0.004789172757350959,0.0009775857954623171,-0.00012165303515039127,0.0039229275560909715,0.0020222902956206815,student_t,24,,,,,,,,1.2
frequency_dispersion_scan,SHARED_IRREGULAR_FORCING,network_7_83Hz,7.83,-0.000744983955897293,0.00632601066611515,0.0012912915199488368,-0.003416223985909035,0.0019262560741144488,0.002671240030011742,student_t,24,,,,,,,,1.2
frequency_dispersion_scan,CLEAN_MATCHED,network_10_00Hz,10.0,0.01996891986871905,0.01585243161967143,0.0032358640542130743,0.013275025066689736,0.026662814670748363,0.006693894802029313,student_t,24,,,,,,,,1.5
frequency_dispersion_scan,CLEAN_MATCHED,network_14_30Hz,14.3,0.010360074547523024,0.011953953477000671,0.002440090535635038,0.00531236269087011,0.015407786404175937,0.005047711856652913,student_t,24,,,,,,,,1.5
frequency_dispersion_scan,CLEAN_MATCHED,network_20_80Hz,20.8,0.017242788651093608,0.01616488312757595,0.003299642951190513,0.010416957148447785,0.02406862015373943,0.0068258315026458235,student_t,24,,,,,,,,1.5
frequency_dispersion_scan,CLEAN_MATCHED,network_27_30Hz,27.3,0.015820208785220516,0.014214375463583418,0.0029014972415097057,0.009818004434961586,0.021822413135479446,0.006002204350258929,student_t,24,,,,,,,,1.5
frequency_dispersion_scan,CLEAN_MATCHED,network_33_80Hz,33.8,0.018639930388475553,0.018589176281419262,0.0037944997190104022,0.010790409667011744,0.02648945110993936,0.00784952072146381,student_t,24,,,,,,,,1.5
frequency_dispersion_scan,CLEAN_MATCHED,network_7_83Hz,7.83,0.013891234795963436,0.019069164783123756,0.0038924769616419876,0.005839032705881923,0.02194343688604495,0.008052202090081513,student_t,24,,,,,,,,1.5
frequency_dispersion_scan,FAR_DETUNED,network_10_00Hz,10.0,0.0004117129298107462,0.000222691806859501,4.545677472535003e-05,0.0003176784268300466,0.0005057474327914458,9.403450298069959e-05,student_t,24,,,,,,,,1.5
frequency_dispersion_scan,FAR_DETUNED,network_14_30Hz,14.3,0.00033937767197081355,0.00017059582977735254,3.482272793343418e-05,0.00026734137081576296,0.00041141397312586414,7.20363011550506e-05,student_t,24,,,,,,,,1.5
frequency_dispersion_scan,FAR_DETUNED,network_20_80Hz,20.8,0.0004259844186304199,0.00022739213921080153,4.6416226048865245e-05,0.0003299651393675039,0.0005220036978933358,9.601927926291598e-05,student_t,24,,,,,,,,1.5
frequency_dispersion_scan,FAR_DETUNED,network_27_30Hz,27.3,0.0003632260099935396,0.00018765893616484695,3.830571993978299e-05,0.0002839845909175268,0.0004424674290695524,7.924141907601278e-05,student_t,24,,,,,,,,1.5
frequency_dispersion_scan,FAR_DETUNED,network_33_80Hz,33.8,0.00044955831100603263,0.0002304890450693791,4.7048379310111147e-05,0.00035223132308828914,0.0005468852989237761,9.732698791774352e-05,student_t,24,,,,,,,,1.5
frequency_dispersion_scan,FAR_DETUNED,network_7_83Hz,7.83,0.0004259103170721201,0.00022479534107205026,4.588615684845277e-05,0.00033098756949468614,0.0005208330646495541,9.492274757743397e-05,student_t,24,,,,,,,,1.5
frequency_dispersion_scan,HIGH_JITTER_MATCHED,network_10_00Hz,10.0,0.006624260065664955,0.009571691129989233,0.001953813270333113,0.0025824893746526304,0.01066603075667728,0.004041770691012325,student_t,24,,,,,,,,1.5
frequency_dispersion_scan,HIGH_JITTER_MATCHED,network_14_30Hz,14.3,0.005374953074033874,0.0071990973378294985,0.0014695095905259202,0.002335040876008649,0.008414865272059098,0.0030399121980252248,student_t,24,,,,,,,,1.5
frequency_dispersion_scan,HIGH_JITTER_MATCHED,network_20_80Hz,20.8,0.0032163340436217364,0.0054638848920045835,0.0011153108332261,0.000909137800485754,0.005523530286757719,0.0023071962431359823,student_t,24,,,,,,,,1.5
frequency_dispersion_scan,HIGH_JITTER_MATCHED,network_27_30Hz,27.3,0.00368944832137672,0.004939696441748797,0.0010083113138771868,0.0016035974482530475,0.005775299194500393,0.0020858508731236725,student_t,24,,,,,,,,1.5
frequency_dispersion_scan,HIGH_JITTER_MATCHED,network_33_80Hz,33.8,0.000820467871432169,0.0044941061964815605,0.0009173555859383254,-0.0010772267428795735,0.0027181624857439113,0.0018976946143117424,student_t,24,,,,,,,,1.5
frequency_dispersion_scan,HIGH_JITTER_MATCHED,network_7_83Hz,7.83,0.009320068403679731,0.009388734872503825,0.001916467480659071,0.005355553364693723,0.01328458344266574,0.003964515038986008,student_t,24,,,,,,,,1.5
frequency_dispersion_scan,INDEPENDENT_IRREGULAR_FORCING,network_10_00Hz,10.0,7.68279557360526e-05,0.002474098378600113,0.0005050232167514558,-0.0009678921650351552,0.0011215480765072604,0.0010447201207712078,student_t,24,,,,,,,,1.5
frequency_dispersion_scan,INDEPENDENT_IRREGULAR_FORCING,network_14_30Hz,14.3,-0.0004366366293174738,0.003392472971010226,0.0006924856454298936,-0.0018691523298419702,0.0009958790712070226,0.0014325157005244964,student_t,24,,,,,,,,1.5
frequency_dispersion_scan,INDEPENDENT_IRREGULAR_FORCING,network_20_80Hz,20.8,-0.0017513057754206553,0.0026165575879052165,0.0005341025810812769,-0.0028561811445188957,-0.0006464304063224149,0.0011048753690982404,student_t,24,,,,,,,,1.5
frequency_dispersion_scan,INDEPENDENT_IRREGULAR_FORCING,network_27_30Hz,27.3,0.00028404673996869817,0.004299257531479902,0.0008775822687452789,-0.0015313704990400378,0.002099463978977434,0.001815417239008736,student_t,24,,,,,,,,1.5
frequency_dispersion_scan,INDEPENDENT_IRREGULAR_FORCING,network_33_80Hz,33.8,0.00012570635264409075,0.0024491316092986122,0.0004999268963085841,-0.0009084712260578364,0.001159883931346018,0.0010341775787019271,student_t,24,,,,,,,,1.5
frequency_dispersion_scan,INDEPENDENT_IRREGULAR_FORCING,network_7_83Hz,7.83,0.00016337875353817968,0.003762418136015315,0.0007680003860192433,-0.0014253510898052952,0.0017521085968816544,0.0015887298433434748,student_t,24,,,,,,,,1.5
frequency_dispersion_scan,LOW_JITTER_MATCHED,network_10_00Hz,10.0,0.01743960858695979,0.012352550051190792,0.0025214537206339725,0.012223584158450896,0.022655633015468683,0.005216024428508893,student_t,24,,,,,,,,1.5
frequency_dispersion_scan,LOW_JITTER_MATCHED,network_14_30Hz,14.3,0.010275103724621584,0.009891631582674493,0.002019120841762609,0.006098234028953648,0.01445197342028952,0.004176869695667936,student_t,24,,,,,,,,1.5
frequency_dispersion_scan,LOW_JITTER_MATCHED,network_20_80Hz,20.8,0.01306302368833139,0.012447155716108218,0.0025407650211193406,0.007807050791106352,0.018318996585556427,0.0052559728972250384,student_t,24,,,,,,,,1.5
frequency_dispersion_scan,LOW_JITTER_MATCHED,network_27_30Hz,27.3,0.009536561311538317,0.011292080204810416,0.0023049862196973404,0.00476833402625038,0.014304788596826254,0.004768227285287936,student_t,24,,,,,,,,1.5
frequency_dispersion_scan,LOW_JITTER_MATCHED,network_33_80Hz,33.8,0.008648522829327663,0.009340273899488213,0.0019065754259651514,0.004704471064566913,0.012592574594088413,0.00394405176476075,student_t,24,,,,,,,,1.5
frequency_dispersion_scan,LOW_JITTER_MATCHED,network_7_83Hz,7.83,0.011539978669165589,0.013706495182505477,0.0027978266132545177,0.005752233353023679,0.0173277239853075,0.00578774531614191,student_t,24,,,,,,,,1.5
frequency_dispersion_scan,NEAR_DETUNED,network_10_00Hz,10.0,0.003941760041427574,0.003220710806697615,0.0006574248404563953,0.002581773141938923,0.005301746940916225,0.001359986899488651,student_t,24,,,,,,,,1.5
frequency_dispersion_scan,NEAR_DETUNED,network_14_30Hz,14.3,0.006944915846185988,0.004784385302230565,0.0009766085602780305,0.0049246471155664495,0.008965184576805526,0.002020268730619538,student_t,24,,,,,,,,1.5
frequency_dispersion_scan,NEAR_DETUNED,network_20_80Hz,20.8,0.005998261706505091,0.004209001447387062,0.0008591588227278466,0.004220956269310461,0.007775567143699721,0.0017773054371946302,student_t,24,,,,,,,,1.5
frequency_dispersion_scan,NEAR_DETUNED,network_27_30Hz,27.3,0.004895351550940252,0.0037657387550704777,0.0007686782045455193,0.0033052195331439134,0.00648548356873659,0.0015901320177963386,student_t,24,,,,,,,,1.5
frequency_dispersion_scan,NEAR_DETUNED,network_33_80Hz,33.8,0.004866028908338425,0.003016468800435032,0.0006157341155075907,0.003592285844299006,0.006139771972377844,0.001273743064039419,student_t,24,,,,,,,,1.5
frequency_dispersion_scan,NEAR_DETUNED,network_7_83Hz,7.83,0.007278463507982502,0.006061274500949408,0.0012372524765224002,0.004719011756414624,0.00983791525955038,0.0025594517515678786,student_t,24,,,,,,,,1.5
frequency_dispersion_scan,SHARED_IRREGULAR_FORCING,network_10_00Hz,10.0,0.0010636336604300859,0.004388393758525247,0.0008957771249001094,-0.0007894225062338202,0.002916689827093992,0.001853056166663906,student_t,24,,,,,,,,1.5
frequency_dispersion_scan,SHARED_IRREGULAR_FORCING,network_14_30Hz,14.3,0.0027413625313837133,0.00602495070987132,0.0012298379137170024,0.00019724897159115098,0.005285476091176276,0.0025441135597925623,student_t,24,,,,,,,,1.5
frequency_dispersion_scan,SHARED_IRREGULAR_FORCING,network_20_80Hz,20.8,0.001979172865062236,0.0075733448233698715,0.0015459025386170484,-0.001218770186414048,0.00517711591653852,0.003197943051476284,student_t,24,,,,,,,,1.5
frequency_dispersion_scan,SHARED_IRREGULAR_FORCING,network_27_30Hz,27.3,0.00021112419777215576,0.004145554604908601,0.0008462077902392657,-0.0015393899875021872,0.0019616383830464985,0.0017505141852743428,student_t,24,,,,,,,,1.5
frequency_dispersion_scan,SHARED_IRREGULAR_FORCING,network_33_80Hz,33.8,0.001594384530645921,0.00407115442388431,0.0008310209168825814,-0.0001247132134806466,0.0033134822747724886,0.0017190977441265676,student_t,24,,,,,,,,1.5
frequency_dispersion_scan,SHARED_IRREGULAR_FORCING,network_7_83Hz,7.83,0.00017534197123155715,0.0037057962312341043,0.0007564424881043748,-0.0013894785386298785,0.0017401624810929927,0.0015648205098614356,student_t,24,,,,,,,,1.5
